-- MySQL dump 10.13  Distrib 8.0.44, for Linux (x86_64)
--
-- Host: localhost    Database: kanban_ppic
-- ------------------------------------------------------
-- Server version	8.0.44

/*!40101 SET @OLD_CHARACTER_SET_CLIENT=@@CHARACTER_SET_CLIENT */;
/*!40101 SET @OLD_CHARACTER_SET_RESULTS=@@CHARACTER_SET_RESULTS */;
/*!40101 SET @OLD_COLLATION_CONNECTION=@@COLLATION_CONNECTION */;
/*!50503 SET NAMES utf8mb4 */;
/*!40103 SET @OLD_TIME_ZONE=@@TIME_ZONE */;
/*!40103 SET TIME_ZONE='+00:00' */;
/*!40014 SET @OLD_UNIQUE_CHECKS=@@UNIQUE_CHECKS, UNIQUE_CHECKS=0 */;
/*!40014 SET @OLD_FOREIGN_KEY_CHECKS=@@FOREIGN_KEY_CHECKS, FOREIGN_KEY_CHECKS=0 */;
/*!40101 SET @OLD_SQL_MODE=@@SQL_MODE, SQL_MODE='NO_AUTO_VALUE_ON_ZERO' */;
/*!40111 SET @OLD_SQL_NOTES=@@SQL_NOTES, SQL_NOTES=0 */;

--
-- Table structure for table `cache`
--

DROP TABLE IF EXISTS `cache`;
/*!40101 SET @saved_cs_client     = @@character_set_client */;
/*!50503 SET character_set_client = utf8mb4 */;
CREATE TABLE `cache` (
  `key` varchar(255) CHARACTER SET utf8mb4 COLLATE utf8mb4_unicode_ci NOT NULL,
  `value` mediumtext CHARACTER SET utf8mb4 COLLATE utf8mb4_unicode_ci NOT NULL,
  `expiration` int NOT NULL,
  PRIMARY KEY (`key`)
) ENGINE=InnoDB DEFAULT CHARSET=utf8mb4 COLLATE=utf8mb4_unicode_ci;
/*!40101 SET character_set_client = @saved_cs_client */;

--
-- Dumping data for table `cache`
--

LOCK TABLES `cache` WRITE;
/*!40000 ALTER TABLE `cache` DISABLE KEYS */;
/*!40000 ALTER TABLE `cache` ENABLE KEYS */;
UNLOCK TABLES;

--
-- Table structure for table `cache_locks`
--

DROP TABLE IF EXISTS `cache_locks`;
/*!40101 SET @saved_cs_client     = @@character_set_client */;
/*!50503 SET character_set_client = utf8mb4 */;
CREATE TABLE `cache_locks` (
  `key` varchar(255) CHARACTER SET utf8mb4 COLLATE utf8mb4_unicode_ci NOT NULL,
  `owner` varchar(255) CHARACTER SET utf8mb4 COLLATE utf8mb4_unicode_ci NOT NULL,
  `expiration` int NOT NULL,
  PRIMARY KEY (`key`)
) ENGINE=InnoDB DEFAULT CHARSET=utf8mb4 COLLATE=utf8mb4_unicode_ci;
/*!40101 SET character_set_client = @saved_cs_client */;

--
-- Dumping data for table `cache_locks`
--

LOCK TABLES `cache_locks` WRITE;
/*!40000 ALTER TABLE `cache_locks` DISABLE KEYS */;
/*!40000 ALTER TABLE `cache_locks` ENABLE KEYS */;
UNLOCK TABLES;

--
-- Table structure for table `customers`
--

DROP TABLE IF EXISTS `customers`;
/*!40101 SET @saved_cs_client     = @@character_set_client */;
/*!50503 SET character_set_client = utf8mb4 */;
CREATE TABLE `customers` (
  `id` bigint unsigned NOT NULL AUTO_INCREMENT,
  `name` varchar(255) CHARACTER SET utf8mb4 COLLATE utf8mb4_unicode_ci NOT NULL,
  `is_active` tinyint(1) NOT NULL DEFAULT '1',
  `created_at` timestamp NULL DEFAULT NULL,
  `updated_at` timestamp NULL DEFAULT NULL,
  PRIMARY KEY (`id`),
  UNIQUE KEY `customers_name_unique` (`name`)
) ENGINE=InnoDB AUTO_INCREMENT=16 DEFAULT CHARSET=utf8mb4 COLLATE=utf8mb4_unicode_ci;
/*!40101 SET character_set_client = @saved_cs_client */;

--
-- Dumping data for table `customers`
--

LOCK TABLES `customers` WRITE;
/*!40000 ALTER TABLE `customers` DISABLE KEYS */;
INSERT INTO `customers` VALUES (1,'E01',1,'2026-02-12 23:29:44','2026-02-12 23:29:44'),(2,'E02',1,'2026-02-12 23:29:44','2026-02-12 23:29:44'),(3,'E03',1,'2026-02-12 23:29:44','2026-02-12 23:29:44'),(4,'E04',1,'2026-02-12 23:29:44','2026-02-12 23:29:44'),(5,'E05',1,'2026-02-12 23:29:44','2026-02-12 23:29:44'),(6,'E06',1,'2026-02-12 23:29:44','2026-02-12 23:29:44'),(7,'A01',1,'2026-02-12 23:29:44','2026-02-12 23:29:44'),(8,'A02',1,'2026-02-12 23:29:44','2026-02-12 23:29:44'),(9,'A03',1,'2026-02-12 23:29:44','2026-02-12 23:29:44'),(10,'A04',1,'2026-02-12 23:29:44','2026-02-12 23:29:44'),(11,'A05',1,'2026-02-12 23:29:44','2026-02-12 23:29:44'),(12,'A06',1,'2026-02-12 23:29:44','2026-02-12 23:29:44'),(13,'LOKAL',1,'2026-02-12 23:29:44','2026-02-12 23:29:44'),(14,'STOK NON PO',1,'2026-02-12 23:29:44','2026-02-12 23:29:44'),(15,'STOK EXP',1,'2026-02-12 23:29:44','2026-02-12 23:29:44');
/*!40000 ALTER TABLE `customers` ENABLE KEYS */;
UNLOCK TABLES;

--
-- Table structure for table `defect_types`
--

DROP TABLE IF EXISTS `defect_types`;
/*!40101 SET @saved_cs_client     = @@character_set_client */;
/*!50503 SET character_set_client = utf8mb4 */;
CREATE TABLE `defect_types` (
  `id` bigint unsigned NOT NULL AUTO_INCREMENT,
  `department` varchar(255) CHARACTER SET utf8mb4 COLLATE utf8mb4_unicode_ci NOT NULL,
  `name` varchar(255) CHARACTER SET utf8mb4 COLLATE utf8mb4_unicode_ci NOT NULL,
  `is_active` tinyint(1) NOT NULL DEFAULT '1',
  `created_at` timestamp NULL DEFAULT NULL,
  `updated_at` timestamp NULL DEFAULT NULL,
  PRIMARY KEY (`id`),
  KEY `defect_types_department_index` (`department`)
) ENGINE=InnoDB AUTO_INCREMENT=53 DEFAULT CHARSET=utf8mb4 COLLATE=utf8mb4_unicode_ci;
/*!40101 SET character_set_client = @saved_cs_client */;

--
-- Dumping data for table `defect_types`
--

LOCK TABLES `defect_types` WRITE;
/*!40000 ALTER TABLE `defect_types` DISABLE KEYS */;
INSERT INTO `defect_types` VALUES (1,'cor','RUSAK COR',1,'2026-02-12 01:32:20','2026-02-12 01:32:20'),(2,'cor','RETAK TANJEK',1,'2026-02-12 01:32:27','2026-02-12 01:32:27'),(3,'cor','KEROPOS',1,'2026-02-12 01:32:38','2026-02-12 01:32:38'),(4,'netto','KERIPUT',1,'2026-02-12 01:32:48','2026-02-12 01:32:48'),(5,'netto','KEROPOS',1,'2026-02-12 01:32:56','2026-02-12 01:32:56'),(6,'netto','PASIR JATUH',1,'2026-02-12 01:33:14','2026-02-12 01:33:14'),(7,'netto','ID. BUNTU',1,'2026-02-12 01:33:24','2026-02-12 01:33:24'),(8,'netto','CEMBUNG',1,'2026-02-12 01:33:32','2026-02-12 01:33:32'),(9,'netto','RUSAK POTONG',1,'2026-02-12 01:33:40','2026-02-12 01:33:40'),(10,'netto','GELEMBUNG ANGIN',1,'2026-02-12 01:33:49','2026-02-12 01:33:49'),(11,'netto','KURANG CAIRAN',1,'2026-02-12 01:33:59','2026-02-12 01:33:59'),(12,'netto','CETAKAN RUSAK',1,'2026-02-12 01:34:07','2026-02-12 01:34:07'),(13,'netto','CAIRAN BOCOR',1,'2026-02-12 01:34:15','2026-02-12 01:34:15'),(14,'bubut_od','KEROPOS',1,'2026-02-12 01:34:34','2026-02-12 01:34:34'),(15,'bubut_od','OD BLONG',1,'2026-02-12 01:34:41','2026-02-12 01:34:41'),(16,'bubut_od','RUSAK BUBUT',1,'2026-02-12 01:34:49','2026-02-12 01:34:49'),(17,'bubut_od','SUSUT',1,'2026-02-12 01:34:56','2026-02-12 01:34:56'),(18,'bubut_od','OVAL',1,'2026-02-12 01:35:05','2026-02-12 01:35:05'),(19,'bubut_od','OLENG',1,'2026-02-12 01:35:17','2026-02-12 01:35:17'),(20,'bubut_od','RETAK',1,'2026-02-12 01:35:24','2026-02-12 01:35:24'),(21,'bubut_od','ID BLONG',1,'2026-02-12 01:35:40','2026-02-12 01:35:40'),(23,'bubut_cnc','KEROPOS',1,'2026-02-12 01:36:34','2026-02-12 01:36:34'),(24,'bubut_cnc','OD. BLONG',1,'2026-02-12 01:36:41','2026-02-12 01:36:41'),(25,'bubut_cnc','ID. BLONG',1,'2026-02-12 01:36:47','2026-02-12 01:36:47'),(26,'bubut_cnc','TEBAL BLONG',1,'2026-02-12 01:36:54','2026-02-12 01:36:54'),(27,'bubut_cnc','RUSAK DRAT',1,'2026-02-12 01:37:03','2026-02-12 01:37:03'),(28,'bubut_cnc','RUSAK BUBUT',1,'2026-02-12 01:37:17','2026-02-12 01:37:17'),(29,'bubut_cnc','SERONG BESAR',1,'2026-02-12 01:37:24','2026-02-12 01:37:24'),(30,'bubut_cnc','OLENG',1,'2026-02-12 01:37:31','2026-02-12 01:37:31'),(31,'bubut_cnc','RETAK',1,'2026-02-12 01:37:40','2026-02-12 01:37:40'),(32,'bubut_cnc','SUSUT',1,'2026-02-12 01:37:47','2026-02-12 01:37:47'),(33,'bubut_cnc','PASIR JATUH',1,'2026-02-12 01:38:02','2026-02-12 01:38:02'),(34,'bubut_cnc','KOTORAN',1,'2026-02-12 01:38:16','2026-02-12 01:38:16'),(35,'bubut_cnc','CEKUNG',1,'2026-02-12 01:38:23','2026-02-12 01:38:23'),(36,'bor','SPASI BOR',1,'2026-02-12 01:39:00','2026-02-12 01:39:00'),(37,'bor','RUSAK BOR',1,'2026-02-12 01:40:09','2026-02-12 01:40:09'),(38,'bor','KEROPOS',1,'2026-02-12 01:40:19','2026-02-12 01:40:19'),(39,'bor','BOR OVAL',1,'2026-02-12 01:40:31','2026-02-12 01:40:31'),(40,'finish','KEROPOS',1,'2026-02-12 01:40:44','2026-02-12 01:40:44'),(41,'finish','TEBAL BLONG',1,'2026-02-12 01:40:51','2026-02-12 01:40:51'),(42,'finish','DRAT RUSAK',1,'2026-02-12 01:40:59','2026-02-12 01:40:59'),(43,'finish','ID. BLONG',1,'2026-02-12 01:41:07','2026-02-12 01:41:07'),(44,'finish','OD. BLONG',1,'2026-02-12 01:55:13','2026-02-12 01:55:13'),(45,'finish','RETAK',1,'2026-02-12 01:55:19','2026-02-12 01:55:19'),(46,'finish','PASIR JATUH',1,'2026-02-12 01:55:33','2026-02-12 01:55:33'),(47,'finish','BINTIK HITAM',1,'2026-02-12 01:55:41','2026-02-12 01:55:41'),(48,'finish','SUSUT',1,'2026-02-12 01:55:48','2026-02-12 01:55:48'),(49,'finish','SERONG BESAR',1,'2026-02-12 01:55:56','2026-02-12 01:55:56'),(50,'finish','RUSAK BUBUT',1,'2026-02-12 01:56:08','2026-02-12 01:56:08'),(51,'finish','TEBAL OLENG',1,'2026-02-12 01:56:20','2026-02-12 01:56:20'),(52,'finish','KEBOCORAN',1,'2026-02-12 01:56:27','2026-02-12 01:56:27');
/*!40000 ALTER TABLE `defect_types` ENABLE KEYS */;
UNLOCK TABLES;

--
-- Table structure for table `failed_jobs`
--

DROP TABLE IF EXISTS `failed_jobs`;
/*!40101 SET @saved_cs_client     = @@character_set_client */;
/*!50503 SET character_set_client = utf8mb4 */;
CREATE TABLE `failed_jobs` (
  `id` bigint unsigned NOT NULL AUTO_INCREMENT,
  `uuid` varchar(255) CHARACTER SET utf8mb4 COLLATE utf8mb4_unicode_ci NOT NULL,
  `connection` text CHARACTER SET utf8mb4 COLLATE utf8mb4_unicode_ci NOT NULL,
  `queue` text CHARACTER SET utf8mb4 COLLATE utf8mb4_unicode_ci NOT NULL,
  `payload` longtext CHARACTER SET utf8mb4 COLLATE utf8mb4_unicode_ci NOT NULL,
  `exception` longtext CHARACTER SET utf8mb4 COLLATE utf8mb4_unicode_ci NOT NULL,
  `failed_at` timestamp NOT NULL DEFAULT CURRENT_TIMESTAMP,
  PRIMARY KEY (`id`),
  UNIQUE KEY `failed_jobs_uuid_unique` (`uuid`)
) ENGINE=InnoDB DEFAULT CHARSET=utf8mb4 COLLATE=utf8mb4_unicode_ci;
/*!40101 SET character_set_client = @saved_cs_client */;

--
-- Dumping data for table `failed_jobs`
--

LOCK TABLES `failed_jobs` WRITE;
/*!40000 ALTER TABLE `failed_jobs` DISABLE KEYS */;
/*!40000 ALTER TABLE `failed_jobs` ENABLE KEYS */;
UNLOCK TABLES;

--
-- Table structure for table `job_batches`
--

DROP TABLE IF EXISTS `job_batches`;
/*!40101 SET @saved_cs_client     = @@character_set_client */;
/*!50503 SET character_set_client = utf8mb4 */;
CREATE TABLE `job_batches` (
  `id` varchar(255) CHARACTER SET utf8mb4 COLLATE utf8mb4_unicode_ci NOT NULL,
  `name` varchar(255) CHARACTER SET utf8mb4 COLLATE utf8mb4_unicode_ci NOT NULL,
  `total_jobs` int NOT NULL,
  `pending_jobs` int NOT NULL,
  `failed_jobs` int NOT NULL,
  `failed_job_ids` longtext CHARACTER SET utf8mb4 COLLATE utf8mb4_unicode_ci NOT NULL,
  `options` mediumtext CHARACTER SET utf8mb4 COLLATE utf8mb4_unicode_ci,
  `cancelled_at` int DEFAULT NULL,
  `created_at` int NOT NULL,
  `finished_at` int DEFAULT NULL,
  PRIMARY KEY (`id`)
) ENGINE=InnoDB DEFAULT CHARSET=utf8mb4 COLLATE=utf8mb4_unicode_ci;
/*!40101 SET character_set_client = @saved_cs_client */;

--
-- Dumping data for table `job_batches`
--

LOCK TABLES `job_batches` WRITE;
/*!40000 ALTER TABLE `job_batches` DISABLE KEYS */;
/*!40000 ALTER TABLE `job_batches` ENABLE KEYS */;
UNLOCK TABLES;

--
-- Table structure for table `jobs`
--

DROP TABLE IF EXISTS `jobs`;
/*!40101 SET @saved_cs_client     = @@character_set_client */;
/*!50503 SET character_set_client = utf8mb4 */;
CREATE TABLE `jobs` (
  `id` bigint unsigned NOT NULL AUTO_INCREMENT,
  `queue` varchar(255) CHARACTER SET utf8mb4 COLLATE utf8mb4_unicode_ci NOT NULL,
  `payload` longtext CHARACTER SET utf8mb4 COLLATE utf8mb4_unicode_ci NOT NULL,
  `attempts` tinyint unsigned NOT NULL,
  `reserved_at` int unsigned DEFAULT NULL,
  `available_at` int unsigned NOT NULL,
  `created_at` int unsigned NOT NULL,
  PRIMARY KEY (`id`),
  KEY `jobs_queue_index` (`queue`)
) ENGINE=InnoDB DEFAULT CHARSET=utf8mb4 COLLATE=utf8mb4_unicode_ci;
/*!40101 SET character_set_client = @saved_cs_client */;

--
-- Dumping data for table `jobs`
--

LOCK TABLES `jobs` WRITE;
/*!40000 ALTER TABLE `jobs` DISABLE KEYS */;
/*!40000 ALTER TABLE `jobs` ENABLE KEYS */;
UNLOCK TABLES;

--
-- Table structure for table `migrations`
--

DROP TABLE IF EXISTS `migrations`;
/*!40101 SET @saved_cs_client     = @@character_set_client */;
/*!50503 SET character_set_client = utf8mb4 */;
CREATE TABLE `migrations` (
  `id` int unsigned NOT NULL AUTO_INCREMENT,
  `migration` varchar(255) CHARACTER SET utf8mb4 COLLATE utf8mb4_unicode_ci NOT NULL,
  `batch` int NOT NULL,
  PRIMARY KEY (`id`)
) ENGINE=InnoDB AUTO_INCREMENT=29 DEFAULT CHARSET=utf8mb4 COLLATE=utf8mb4_unicode_ci;
/*!40101 SET character_set_client = @saved_cs_client */;

--
-- Dumping data for table `migrations`
--

LOCK TABLES `migrations` WRITE;
/*!40000 ALTER TABLE `migrations` DISABLE KEYS */;
INSERT INTO `migrations` VALUES (15,'0001_01_01_000000_create_users_table',1),(16,'0001_01_01_000001_create_cache_table',1),(17,'0001_01_01_000002_create_jobs_table',1),(18,'2026_01_16_055541_create_production_items_table',1),(19,'2026_01_16_055544_create_production_histories_table',1),(20,'2026_01_16_060008_add_line_number_to_production_histories_table',1),(21,'2026_01_25_132331_add_customer_to_production_items_table',1),(22,'2026_02_05_082205_create_production_plans_table',2),(23,'2026_02_05_082206_update_production_items_table_for_plans',2),(24,'2026_02_05_092743_add_extra_fields_to_production_items_table',3),(25,'2026_02_11_090449_create_defect_types_table',4),(26,'2026_02_11_090449_create_production_defects_table',4),(27,'2026_02_12_115728_relax_production_items_constraints',5),(28,'2026_02_13_000000_create_customers_table',6);
/*!40000 ALTER TABLE `migrations` ENABLE KEYS */;
UNLOCK TABLES;

--
-- Table structure for table `password_reset_tokens`
--

DROP TABLE IF EXISTS `password_reset_tokens`;
/*!40101 SET @saved_cs_client     = @@character_set_client */;
/*!50503 SET character_set_client = utf8mb4 */;
CREATE TABLE `password_reset_tokens` (
  `email` varchar(255) CHARACTER SET utf8mb4 COLLATE utf8mb4_unicode_ci NOT NULL,
  `token` varchar(255) CHARACTER SET utf8mb4 COLLATE utf8mb4_unicode_ci NOT NULL,
  `created_at` timestamp NULL DEFAULT NULL,
  PRIMARY KEY (`email`)
) ENGINE=InnoDB DEFAULT CHARSET=utf8mb4 COLLATE=utf8mb4_unicode_ci;
/*!40101 SET character_set_client = @saved_cs_client */;

--
-- Dumping data for table `password_reset_tokens`
--

LOCK TABLES `password_reset_tokens` WRITE;
/*!40000 ALTER TABLE `password_reset_tokens` DISABLE KEYS */;
/*!40000 ALTER TABLE `password_reset_tokens` ENABLE KEYS */;
UNLOCK TABLES;

--
-- Table structure for table `production_defects`
--

DROP TABLE IF EXISTS `production_defects`;
/*!40101 SET @saved_cs_client     = @@character_set_client */;
/*!50503 SET character_set_client = utf8mb4 */;
CREATE TABLE `production_defects` (
  `id` bigint unsigned NOT NULL AUTO_INCREMENT,
  `production_item_id` bigint unsigned NOT NULL,
  `defect_type_id` bigint unsigned NOT NULL,
  `qty` int NOT NULL,
  `notes` text CHARACTER SET utf8mb4 COLLATE utf8mb4_unicode_ci,
  `created_at` timestamp NULL DEFAULT NULL,
  `updated_at` timestamp NULL DEFAULT NULL,
  PRIMARY KEY (`id`),
  KEY `production_defects_production_item_id_foreign` (`production_item_id`),
  KEY `production_defects_defect_type_id_foreign` (`defect_type_id`),
  CONSTRAINT `production_defects_defect_type_id_foreign` FOREIGN KEY (`defect_type_id`) REFERENCES `defect_types` (`id`) ON DELETE CASCADE,
  CONSTRAINT `production_defects_production_item_id_foreign` FOREIGN KEY (`production_item_id`) REFERENCES `production_items` (`id`) ON DELETE CASCADE
) ENGINE=InnoDB AUTO_INCREMENT=28 DEFAULT CHARSET=utf8mb4 COLLATE=utf8mb4_unicode_ci;
/*!40101 SET character_set_client = @saved_cs_client */;

--
-- Dumping data for table `production_defects`
--

LOCK TABLES `production_defects` WRITE;
/*!40000 ALTER TABLE `production_defects` DISABLE KEYS */;
INSERT INTO `production_defects` VALUES (1,2,5,1,NULL,'2026-02-12 23:56:19','2026-02-12 23:56:19'),(2,62,4,1,NULL,'2026-02-13 02:44:15','2026-02-13 02:44:15'),(3,62,7,1,NULL,'2026-02-13 02:44:15','2026-02-13 02:44:15'),(4,62,5,1,NULL,'2026-02-13 02:44:15','2026-02-13 02:44:15'),(6,63,4,1,NULL,'2026-02-13 02:45:52','2026-02-13 02:45:52'),(7,63,6,1,NULL,'2026-02-13 02:45:52','2026-02-13 02:45:52'),(20,12,5,2,NULL,'2026-02-13 19:33:39','2026-02-13 19:33:39'),(21,12,8,4,NULL,'2026-02-13 19:33:39','2026-02-13 19:33:39'),(22,12,7,1,NULL,'2026-02-13 19:33:39','2026-02-13 19:33:39'),(26,65,5,2,NULL,'2026-02-19 04:12:04','2026-02-19 04:12:04'),(27,65,10,3,NULL,'2026-02-19 04:12:04','2026-02-19 04:12:04');
/*!40000 ALTER TABLE `production_defects` ENABLE KEYS */;
UNLOCK TABLES;

--
-- Table structure for table `production_histories`
--

DROP TABLE IF EXISTS `production_histories`;
/*!40101 SET @saved_cs_client     = @@character_set_client */;
/*!50503 SET character_set_client = utf8mb4 */;
CREATE TABLE `production_histories` (
  `id` bigint unsigned NOT NULL AUTO_INCREMENT,
  `item_id` bigint unsigned NOT NULL,
  `from_dept` varchar(255) CHARACTER SET utf8mb4 COLLATE utf8mb4_unicode_ci DEFAULT NULL,
  `to_dept` varchar(255) CHARACTER SET utf8mb4 COLLATE utf8mb4_unicode_ci NOT NULL,
  `line_number` tinyint DEFAULT NULL,
  `qty_pcs` int NOT NULL,
  `weight_kg` decimal(10,2) NOT NULL,
  `moved_at` datetime NOT NULL,
  `remarks` text CHARACTER SET utf8mb4 COLLATE utf8mb4_unicode_ci,
  `created_at` timestamp NULL DEFAULT NULL,
  `updated_at` timestamp NULL DEFAULT NULL,
  PRIMARY KEY (`id`),
  KEY `production_histories_item_id_foreign` (`item_id`),
  CONSTRAINT `production_histories_item_id_foreign` FOREIGN KEY (`item_id`) REFERENCES `production_items` (`id`) ON DELETE CASCADE
) ENGINE=InnoDB AUTO_INCREMENT=645 DEFAULT CHARSET=utf8mb4 COLLATE=utf8mb4_unicode_ci;
/*!40101 SET character_set_client = @saved_cs_client */;

--
-- Dumping data for table `production_histories`
--

LOCK TABLES `production_histories` WRITE;
/*!40000 ALTER TABLE `production_histories` DISABLE KEYS */;
INSERT INTO `production_histories` VALUES (2,2,'cor','netto',4,2,61.87,'2026-02-13 06:08:24',NULL,'2026-02-12 23:08:24','2026-02-12 23:08:24'),(3,3,'cor','netto',4,4,61.87,'2026-02-13 06:08:24',NULL,'2026-02-12 23:08:24','2026-02-12 23:08:24'),(4,4,'cor','netto',2,76,3.09,'2026-02-13 06:08:24',NULL,'2026-02-12 23:08:24','2026-02-12 23:08:24'),(5,5,'cor','netto',2,60,3.09,'2026-02-13 06:08:24',NULL,'2026-02-12 23:08:24','2026-02-12 23:08:24'),(6,6,'cor','netto',2,76,3.09,'2026-02-13 06:08:24',NULL,'2026-02-12 23:08:24','2026-02-12 23:08:24'),(7,7,'cor','netto',2,40,3.09,'2026-02-13 06:08:24',NULL,'2026-02-12 23:08:24','2026-02-12 23:08:24'),(8,8,'cor','netto',2,78,2.63,'2026-02-13 06:08:24',NULL,'2026-02-12 23:08:24','2026-02-12 23:08:24'),(9,9,'cor','netto',2,88,2.63,'2026-02-13 06:08:24',NULL,'2026-02-12 23:08:24','2026-02-12 23:08:24'),(10,10,'cor','netto',2,42,2.63,'2026-02-13 06:08:24',NULL,'2026-02-12 23:08:24','2026-02-12 23:08:24'),(11,11,'cor','netto',2,22,2.63,'2026-02-13 06:08:24',NULL,'2026-02-12 23:08:24','2026-02-12 23:08:24'),(12,12,'cor','netto',2,32,2.72,'2026-02-13 06:08:24',NULL,'2026-02-12 23:08:24','2026-02-12 23:08:24'),(13,13,'cor','netto',2,58,2.72,'2026-02-13 06:08:24',NULL,'2026-02-12 23:08:24','2026-02-12 23:08:24'),(14,14,'cor','netto',2,100,2.72,'2026-02-13 06:08:24',NULL,'2026-02-12 23:08:24','2026-02-12 23:08:24'),(15,15,'cor','netto',2,10,2.72,'2026-02-13 06:08:24',NULL,'2026-02-12 23:08:24','2026-02-12 23:08:24'),(16,16,'netto','bubut_od',4,1,61.87,'2026-02-13 06:38:25',NULL,'2026-02-12 23:38:25','2026-02-12 23:38:25'),(17,17,'netto','bubut_od',4,4,61.87,'2026-02-13 06:42:36',NULL,'2026-02-12 23:42:36','2026-02-12 23:42:36'),(18,19,'netto','bubut_od',2,76,3.09,'2026-02-13 07:15:37',NULL,'2026-02-13 00:15:37','2026-02-13 00:15:37'),(19,20,'cor','netto',4,4,46.60,'2026-02-13 09:37:12',NULL,'2026-02-13 02:37:12','2026-02-13 02:37:12'),(20,21,'cor','netto',4,2,47.16,'2026-02-13 09:37:12',NULL,'2026-02-13 02:37:12','2026-02-13 02:37:12'),(21,22,'cor','netto',1,64,0.48,'2026-02-13 09:37:12',NULL,'2026-02-13 02:37:12','2026-02-13 02:37:12'),(22,23,'cor','netto',1,48,1.17,'2026-02-13 09:37:12',NULL,'2026-02-13 02:37:12','2026-02-13 02:37:12'),(23,24,'cor','netto',1,16,1.38,'2026-02-13 09:37:12',NULL,'2026-02-13 02:37:12','2026-02-13 02:37:12'),(24,25,'cor','netto',2,20,2.01,'2026-02-13 09:37:12',NULL,'2026-02-13 02:37:12','2026-02-13 02:37:12'),(25,26,'cor','netto',2,20,2.01,'2026-02-13 09:37:12',NULL,'2026-02-13 02:37:12','2026-02-13 02:37:12'),(26,27,'cor','netto',2,20,2.01,'2026-02-13 09:37:12',NULL,'2026-02-13 02:37:12','2026-02-13 02:37:12'),(27,28,'cor','netto',2,10,2.01,'2026-02-13 09:37:12',NULL,'2026-02-13 02:37:12','2026-02-13 02:37:12'),(28,29,'cor','netto',1,12,1.17,'2026-02-13 09:37:12',NULL,'2026-02-13 02:37:12','2026-02-13 02:37:12'),(29,30,'cor','netto',1,80,2.48,'2026-02-13 09:37:12',NULL,'2026-02-13 02:37:12','2026-02-13 02:37:12'),(30,31,'cor','netto',1,112,2.48,'2026-02-13 09:37:12',NULL,'2026-02-13 02:37:12','2026-02-13 02:37:12'),(31,32,'cor','netto',1,80,2.48,'2026-02-13 09:37:12',NULL,'2026-02-13 02:37:12','2026-02-13 02:37:12'),(32,33,'cor','netto',1,108,2.48,'2026-02-13 09:37:12',NULL,'2026-02-13 02:37:12','2026-02-13 02:37:12'),(33,34,'cor','netto',1,88,2.48,'2026-02-13 09:37:12',NULL,'2026-02-13 02:37:12','2026-02-13 02:37:12'),(34,35,'cor','netto',1,72,2.48,'2026-02-13 09:37:13',NULL,'2026-02-13 02:37:13','2026-02-13 02:37:13'),(35,36,'cor','netto',1,4,2.48,'2026-02-13 09:37:13',NULL,'2026-02-13 02:37:13','2026-02-13 02:37:13'),(36,37,'cor','netto',1,80,0.83,'2026-02-13 09:37:13',NULL,'2026-02-13 02:37:13','2026-02-13 02:37:13'),(37,38,'cor','netto',3,7,12.43,'2026-02-13 09:37:13',NULL,'2026-02-13 02:37:13','2026-02-13 02:37:13'),(38,39,'cor','netto',2,28,1.65,'2026-02-13 09:37:13',NULL,'2026-02-13 02:37:13','2026-02-13 02:37:13'),(39,40,'cor','netto',2,68,1.65,'2026-02-13 09:37:13',NULL,'2026-02-13 02:37:13','2026-02-13 02:37:13'),(40,41,'cor','netto',2,24,1.65,'2026-02-13 09:37:13',NULL,'2026-02-13 02:37:13','2026-02-13 02:37:13'),(41,42,'cor','netto',1,36,1.87,'2026-02-13 09:37:13',NULL,'2026-02-13 02:37:13','2026-02-13 02:37:13'),(42,43,'cor','netto',1,116,1.87,'2026-02-13 09:37:13',NULL,'2026-02-13 02:37:13','2026-02-13 02:37:13'),(43,44,'cor','netto',1,32,1.87,'2026-02-13 09:37:13',NULL,'2026-02-13 02:37:13','2026-02-13 02:37:13'),(44,45,'cor','netto',3,5,19.50,'2026-02-13 09:37:13',NULL,'2026-02-13 02:37:13','2026-02-13 02:37:13'),(45,46,'cor','netto',1,16,1.41,'2026-02-13 09:37:13',NULL,'2026-02-13 02:37:13','2026-02-13 02:37:13'),(46,47,'cor','netto',2,44,3.03,'2026-02-13 09:37:13',NULL,'2026-02-13 02:37:13','2026-02-13 02:37:13'),(47,48,'cor','netto',2,62,3.03,'2026-02-13 09:37:13',NULL,'2026-02-13 02:37:13','2026-02-13 02:37:13'),(48,49,'cor','netto',2,14,3.03,'2026-02-13 09:37:13',NULL,'2026-02-13 02:37:13','2026-02-13 02:37:13'),(49,50,'cor','netto',1,128,2.19,'2026-02-13 09:37:13',NULL,'2026-02-13 02:37:13','2026-02-13 02:37:13'),(50,51,'cor','netto',1,9,1.04,'2026-02-13 09:37:13',NULL,'2026-02-13 02:37:13','2026-02-13 02:37:13'),(51,52,'cor','netto',1,36,1.87,'2026-02-13 09:37:13',NULL,'2026-02-13 02:37:13','2026-02-13 02:37:13'),(52,53,'cor','netto',2,46,2.59,'2026-02-13 09:37:13',NULL,'2026-02-13 02:37:13','2026-02-13 02:37:13'),(53,54,'cor','netto',1,22,1.87,'2026-02-13 09:37:13',NULL,'2026-02-13 02:37:13','2026-02-13 02:37:13'),(54,55,'cor','netto',2,46,2.59,'2026-02-13 09:37:13',NULL,'2026-02-13 02:37:13','2026-02-13 02:37:13'),(55,56,'cor','netto',2,92,2.63,'2026-02-13 09:37:13',NULL,'2026-02-13 02:37:13','2026-02-13 02:37:13'),(56,57,'cor','netto',2,22,2.63,'2026-02-13 09:37:13',NULL,'2026-02-13 02:37:13','2026-02-13 02:37:13'),(57,58,'cor','netto',1,80,1.61,'2026-02-13 09:37:13',NULL,'2026-02-13 02:37:13','2026-02-13 02:37:13'),(58,59,'cor','netto',1,24,2.45,'2026-02-13 09:37:13',NULL,'2026-02-13 02:37:13','2026-02-13 02:37:13'),(59,60,'cor','netto',3,11,5.97,'2026-02-13 09:37:13',NULL,'2026-02-13 02:37:13','2026-02-13 02:37:13'),(60,61,'cor','netto',3,4,5.97,'2026-02-13 09:37:13',NULL,'2026-02-13 02:37:13','2026-02-13 02:37:13'),(61,62,'cor','netto',2,78,2.18,'2026-02-13 09:38:17',NULL,'2026-02-13 02:38:17','2026-02-13 02:38:17'),(62,63,'cor','netto',2,42,2.18,'2026-02-13 09:38:17',NULL,'2026-02-13 02:38:17','2026-02-13 02:38:17'),(63,64,'cor','netto',4,1,61.87,'2026-02-13 09:38:17',NULL,'2026-02-13 02:38:17','2026-02-13 02:38:17'),(64,65,'cor','netto',2,112,2.01,'2026-02-13 09:38:17',NULL,'2026-02-13 02:38:17','2026-02-13 02:38:17'),(65,66,'cor','netto',2,96,2.01,'2026-02-13 09:38:17',NULL,'2026-02-13 02:38:17','2026-02-13 02:38:17'),(66,67,'cor','netto',2,52,2.01,'2026-02-13 09:38:17',NULL,'2026-02-13 02:38:17','2026-02-13 02:38:17'),(67,68,'cor','netto',1,128,0.59,'2026-02-13 09:38:17',NULL,'2026-02-13 02:38:17','2026-02-13 02:38:17'),(68,69,'cor','netto',2,60,2.01,'2026-02-13 09:38:17',NULL,'2026-02-13 02:38:17','2026-02-13 02:38:17'),(69,70,'cor','netto',1,112,2.48,'2026-02-13 09:38:17',NULL,'2026-02-13 02:38:17','2026-02-13 02:38:17'),(70,71,'cor','netto',1,128,2.48,'2026-02-13 09:38:17',NULL,'2026-02-13 02:38:17','2026-02-13 02:38:17'),(71,72,'cor','netto',1,108,2.48,'2026-02-13 09:38:17',NULL,'2026-02-13 02:38:17','2026-02-13 02:38:17'),(72,73,'cor','netto',1,108,2.48,'2026-02-13 09:38:17',NULL,'2026-02-13 02:38:17','2026-02-13 02:38:17'),(73,74,'cor','netto',1,96,2.48,'2026-02-13 09:38:17',NULL,'2026-02-13 02:38:17','2026-02-13 02:38:17'),(74,75,'cor','netto',1,64,2.48,'2026-02-13 09:38:17',NULL,'2026-02-13 02:38:17','2026-02-13 02:38:17'),(75,76,'cor','netto',1,52,2.48,'2026-02-13 09:38:17',NULL,'2026-02-13 02:38:17','2026-02-13 02:38:17'),(76,77,'cor','netto',4,4,39.64,'2026-02-13 09:38:17',NULL,'2026-02-13 02:38:17','2026-02-13 02:38:17'),(77,78,'cor','netto',4,5,39.64,'2026-02-13 09:38:17',NULL,'2026-02-13 02:38:17','2026-02-13 02:38:17'),(78,79,'cor','netto',1,28,0.51,'2026-02-13 09:38:17',NULL,'2026-02-13 02:38:17','2026-02-13 02:38:17'),(79,80,'cor','netto',3,18,4.82,'2026-02-13 09:38:17',NULL,'2026-02-13 02:38:17','2026-02-13 02:38:17'),(80,81,'cor','netto',3,7,4.82,'2026-02-13 09:38:17',NULL,'2026-02-13 02:38:17','2026-02-13 02:38:17'),(81,82,'cor','netto',1,144,0.45,'2026-02-13 09:38:17',NULL,'2026-02-13 02:38:17','2026-02-13 02:38:17'),(82,83,'cor','netto',1,72,0.39,'2026-02-13 09:38:17',NULL,'2026-02-13 02:38:17','2026-02-13 02:38:17'),(83,84,'cor','netto',1,160,0.31,'2026-02-13 09:38:17',NULL,'2026-02-13 02:38:17','2026-02-13 02:38:17'),(84,85,'cor','netto',1,200,0.28,'2026-02-13 09:38:17',NULL,'2026-02-13 02:38:17','2026-02-13 02:38:17'),(85,86,'cor','netto',1,12,0.49,'2026-02-13 09:38:17',NULL,'2026-02-13 02:38:17','2026-02-13 02:38:17'),(86,87,'cor','netto',1,36,0.40,'2026-02-13 09:38:17',NULL,'2026-02-13 02:38:17','2026-02-13 02:38:17'),(87,88,'cor','netto',1,24,1.08,'2026-02-13 09:38:17',NULL,'2026-02-13 02:38:17','2026-02-13 02:38:17'),(88,89,'cor','netto',2,60,1.52,'2026-02-13 09:38:17',NULL,'2026-02-13 02:38:17','2026-02-13 02:38:17'),(89,90,'cor','netto',3,20,5.97,'2026-02-13 09:38:17',NULL,'2026-02-13 02:38:17','2026-02-13 02:38:17'),(90,91,'cor','netto',3,30,5.97,'2026-02-13 09:38:17',NULL,'2026-02-13 02:38:17','2026-02-13 02:38:17'),(91,92,'cor','netto',3,38,5.97,'2026-02-13 09:38:17',NULL,'2026-02-13 02:38:17','2026-02-13 02:38:17'),(92,93,'cor','netto',3,39,5.97,'2026-02-13 09:38:17',NULL,'2026-02-13 02:38:17','2026-02-13 02:38:17'),(93,94,'cor','netto',3,31,5.97,'2026-02-13 09:38:17',NULL,'2026-02-13 02:38:17','2026-02-13 02:38:17'),(94,95,'cor','netto',3,34,5.97,'2026-02-13 09:38:17',NULL,'2026-02-13 02:38:17','2026-02-13 02:38:17'),(95,96,'cor','netto',3,18,5.97,'2026-02-13 09:38:17',NULL,'2026-02-13 02:38:17','2026-02-13 02:38:17'),(96,97,'netto','bubut_od',2,75,2.18,'2026-02-13 09:41:44',NULL,'2026-02-13 02:41:44','2026-02-13 02:41:44'),(97,98,'netto','bubut_od',2,40,2.18,'2026-02-13 09:41:44',NULL,'2026-02-13 02:41:44','2026-02-13 02:41:44'),(98,99,'netto','bubut_od',2,105,2.01,'2026-02-13 10:04:22',NULL,'2026-02-13 03:04:22','2026-02-13 03:04:22'),(99,100,'netto','bubut_od',2,25,2.72,'2026-02-14 00:39:00',NULL,'2026-02-13 17:39:00','2026-02-13 17:39:00'),(100,101,'cor','netto',2,27,2.18,'2026-02-19 04:41:06',NULL,'2026-02-18 21:41:06','2026-02-18 21:41:06'),(101,102,'cor','netto',2,36,2.18,'2026-02-19 04:41:06',NULL,'2026-02-18 21:41:06','2026-02-18 21:41:06'),(102,103,'cor','netto',2,18,2.18,'2026-02-19 04:41:06',NULL,'2026-02-18 21:41:06','2026-02-18 21:41:06'),(103,104,'cor','netto',2,40,2.01,'2026-02-19 04:41:06',NULL,'2026-02-18 21:41:06','2026-02-18 21:41:06'),(104,105,'cor','netto',2,40,2.01,'2026-02-19 04:41:06',NULL,'2026-02-18 21:41:06','2026-02-18 21:41:06'),(105,106,'cor','netto',2,40,2.01,'2026-02-19 04:41:06',NULL,'2026-02-18 21:41:06','2026-02-18 21:41:06'),(106,107,'cor','netto',1,124,2.48,'2026-02-19 04:41:06',NULL,'2026-02-18 21:41:06','2026-02-18 21:41:06'),(107,108,'cor','netto',1,120,2.48,'2026-02-19 04:41:06',NULL,'2026-02-18 21:41:06','2026-02-18 21:41:06'),(108,109,'cor','netto',1,104,2.48,'2026-02-19 04:41:06',NULL,'2026-02-18 21:41:06','2026-02-18 21:41:06'),(109,110,'cor','netto',1,64,2.48,'2026-02-19 04:41:06',NULL,'2026-02-18 21:41:06','2026-02-18 21:41:06'),(110,111,'cor','netto',1,88,2.48,'2026-02-19 04:41:06',NULL,'2026-02-18 21:41:06','2026-02-18 21:41:06'),(111,112,'cor','netto',3,33,10.27,'2026-02-19 04:41:06',NULL,'2026-02-18 21:41:06','2026-02-18 21:41:06'),(112,113,'cor','netto',3,28,9.83,'2026-02-19 04:41:06',NULL,'2026-02-18 21:41:06','2026-02-18 21:41:06'),(113,114,'cor','netto',3,22,9.83,'2026-02-19 04:41:06',NULL,'2026-02-18 21:41:06','2026-02-18 21:41:06'),(114,115,'cor','netto',3,6,9.83,'2026-02-19 04:41:06',NULL,'2026-02-18 21:41:06','2026-02-18 21:41:06'),(115,116,'cor','netto',2,28,3.17,'2026-02-19 04:41:06',NULL,'2026-02-18 21:41:06','2026-02-18 21:41:06'),(116,117,'cor','netto',2,84,3.17,'2026-02-19 04:41:06',NULL,'2026-02-18 21:41:06','2026-02-18 21:41:06'),(117,118,'cor','netto',2,8,3.17,'2026-02-19 04:41:06',NULL,'2026-02-18 21:41:06','2026-02-18 21:41:06'),(118,119,'cor','netto',2,60,3.03,'2026-02-19 04:41:06',NULL,'2026-02-18 21:41:06','2026-02-18 21:41:06'),(119,120,'cor','netto',2,18,3.03,'2026-02-19 04:41:06',NULL,'2026-02-18 21:41:06','2026-02-18 21:41:06'),(120,121,'cor','netto',2,24,3.03,'2026-02-19 04:41:06',NULL,'2026-02-18 21:41:06','2026-02-18 21:41:06'),(121,122,'cor','netto',1,40,1.03,'2026-02-19 04:41:06',NULL,'2026-02-18 21:41:06','2026-02-18 21:41:06'),(122,123,'cor','netto',1,228,1.03,'2026-02-19 04:41:06',NULL,'2026-02-18 21:41:06','2026-02-18 21:41:06'),(123,124,'cor','netto',1,92,1.03,'2026-02-19 04:41:06',NULL,'2026-02-18 21:41:06','2026-02-18 21:41:06'),(124,125,'cor','netto',3,7,35.59,'2026-02-19 04:41:06',NULL,'2026-02-18 21:41:06','2026-02-18 21:41:06'),(125,126,'cor','netto',4,2,27.80,'2026-02-19 04:41:06',NULL,'2026-02-18 21:41:06','2026-02-18 21:41:06'),(126,127,'cor','netto',4,9,27.80,'2026-02-19 04:41:06',NULL,'2026-02-18 21:41:06','2026-02-18 21:41:06'),(127,128,'cor','netto',2,104,1.63,'2026-02-19 04:41:06',NULL,'2026-02-18 21:41:06','2026-02-18 21:41:06'),(128,129,'cor','netto',2,136,1.63,'2026-02-19 04:41:06',NULL,'2026-02-18 21:41:06','2026-02-18 21:41:06'),(129,130,'cor','netto',1,144,0.39,'2026-02-19 04:41:06',NULL,'2026-02-18 21:41:06','2026-02-18 21:41:06'),(130,131,'cor','netto',2,48,0.90,'2026-02-19 04:41:06',NULL,'2026-02-18 21:41:06','2026-02-18 21:41:06'),(131,132,'cor','netto',1,180,0.39,'2026-02-19 04:41:06',NULL,'2026-02-18 21:41:06','2026-02-18 21:41:06'),(132,133,'cor','netto',2,84,0.90,'2026-02-19 04:41:06',NULL,'2026-02-18 21:41:06','2026-02-18 21:41:06'),(133,134,'cor','netto',3,34,6.33,'2026-02-19 04:41:06',NULL,'2026-02-18 21:41:06','2026-02-18 21:41:06'),(134,135,'cor','netto',3,9,6.33,'2026-02-19 04:41:06',NULL,'2026-02-18 21:41:06','2026-02-18 21:41:06'),(135,136,'cor','netto',2,18,2.59,'2026-02-19 04:41:06',NULL,'2026-02-18 21:41:06','2026-02-18 21:41:06'),(136,137,'cor','netto',1,0,0.49,'2026-02-19 04:41:06',NULL,'2026-02-18 21:41:06','2026-02-18 21:41:06'),(137,138,'cor','netto',1,0,0.57,'2026-02-19 04:41:06',NULL,'2026-02-18 21:41:06','2026-02-18 21:41:06'),(138,139,'cor','netto',3,8,5.97,'2026-02-19 04:41:06',NULL,'2026-02-18 21:41:06','2026-02-18 21:41:06'),(139,140,'cor','netto',1,80,0.60,'2026-02-19 04:41:06',NULL,'2026-02-18 21:41:06','2026-02-18 21:41:06'),(140,141,'cor','netto',1,36,2.91,'2026-02-19 04:41:06',NULL,'2026-02-18 21:41:06','2026-02-18 21:41:06'),(141,142,'cor','netto',1,12,2.91,'2026-02-19 04:41:06',NULL,'2026-02-18 21:41:06','2026-02-18 21:41:06'),(142,143,'cor','netto',2,10,2.01,'2026-02-19 04:43:38',NULL,'2026-02-18 21:43:38','2026-02-18 21:43:38'),(143,144,'cor','netto',2,20,2.01,'2026-02-19 04:43:38',NULL,'2026-02-18 21:43:38','2026-02-18 21:43:38'),(144,145,'cor','netto',2,20,2.01,'2026-02-19 04:43:38',NULL,'2026-02-18 21:43:38','2026-02-18 21:43:38'),(145,146,'cor','netto',1,96,0.59,'2026-02-19 04:43:38',NULL,'2026-02-18 21:43:38','2026-02-18 21:43:38'),(146,147,'cor','netto',1,64,0.48,'2026-02-19 04:43:38',NULL,'2026-02-18 21:43:38','2026-02-18 21:43:38'),(147,148,'cor','netto',3,20,11.64,'2026-02-19 04:43:38',NULL,'2026-02-18 21:43:38','2026-02-18 21:43:38'),(148,149,'cor','netto',3,24,11.64,'2026-02-19 04:43:38',NULL,'2026-02-18 21:43:38','2026-02-18 21:43:38'),(149,150,'cor','netto',3,12,11.64,'2026-02-19 04:43:38',NULL,'2026-02-18 21:43:38','2026-02-18 21:43:38'),(150,151,'cor','netto',4,9,27.80,'2026-02-19 04:43:38',NULL,'2026-02-18 21:43:38','2026-02-18 21:43:38'),(151,152,'cor','netto',2,30,4.36,'2026-02-19 04:43:38',NULL,'2026-02-18 21:43:38','2026-02-18 21:43:38'),(152,153,'cor','netto',2,34,4.36,'2026-02-19 04:43:38',NULL,'2026-02-18 21:43:38','2026-02-18 21:43:38'),(153,154,'cor','netto',2,56,4.36,'2026-02-19 04:43:38',NULL,'2026-02-18 21:43:38','2026-02-18 21:43:38'),(154,155,'cor','netto',2,58,4.36,'2026-02-19 04:43:38',NULL,'2026-02-18 21:43:38','2026-02-18 21:43:38'),(155,156,'cor','netto',2,47,4.36,'2026-02-19 04:43:38',NULL,'2026-02-18 21:43:38','2026-02-18 21:43:38'),(156,157,'cor','netto',2,58,4.36,'2026-02-19 04:43:38',NULL,'2026-02-18 21:43:38','2026-02-18 21:43:38'),(157,158,'cor','netto',2,50,4.36,'2026-02-19 04:43:38',NULL,'2026-02-18 21:43:38','2026-02-18 21:43:38'),(158,159,'cor','netto',2,43,4.36,'2026-02-19 04:43:38',NULL,'2026-02-18 21:43:38','2026-02-18 21:43:38'),(159,160,'cor','netto',1,28,1.12,'2026-02-19 04:43:38',NULL,'2026-02-18 21:43:38','2026-02-18 21:43:38'),(160,161,'cor','netto',2,20,0.89,'2026-02-19 04:43:38',NULL,'2026-02-18 21:43:38','2026-02-18 21:43:38'),(161,162,'cor','netto',2,72,0.90,'2026-02-19 04:43:38',NULL,'2026-02-18 21:43:38','2026-02-18 21:43:38'),(162,163,'cor','netto',4,9,16.42,'2026-02-19 04:43:38',NULL,'2026-02-18 21:43:38','2026-02-18 21:43:38'),(163,164,'cor','netto',4,4,16.42,'2026-02-19 04:43:38',NULL,'2026-02-18 21:43:38','2026-02-18 21:43:38'),(164,165,'cor','netto',1,120,1.87,'2026-02-19 04:43:38',NULL,'2026-02-18 21:43:38','2026-02-18 21:43:38'),(165,166,'cor','netto',1,120,1.87,'2026-02-19 04:43:38',NULL,'2026-02-18 21:43:38','2026-02-18 21:43:38'),(166,167,'cor','netto',2,16,3.11,'2026-02-19 04:43:38',NULL,'2026-02-18 21:43:38','2026-02-18 21:43:38'),(167,168,'cor','netto',3,41,6.33,'2026-02-19 04:43:38',NULL,'2026-02-18 21:43:38','2026-02-18 21:43:38'),(168,169,'cor','netto',2,56,1.70,'2026-02-19 04:43:38',NULL,'2026-02-18 21:43:38','2026-02-18 21:43:38'),(169,170,'cor','netto',2,34,1.70,'2026-02-19 04:43:38',NULL,'2026-02-18 21:43:38','2026-02-18 21:43:38'),(170,171,'cor','netto',4,1,13.98,'2026-02-19 04:43:38',NULL,'2026-02-18 21:43:38','2026-02-18 21:43:38'),(171,172,'cor','netto',1,48,2.06,'2026-02-19 04:43:38',NULL,'2026-02-18 21:43:38','2026-02-18 21:43:38'),(172,173,'cor','netto',1,24,2.06,'2026-02-19 04:43:38',NULL,'2026-02-18 21:43:38','2026-02-18 21:43:38'),(173,174,'cor','netto',1,24,2.06,'2026-02-19 04:43:38',NULL,'2026-02-18 21:43:38','2026-02-18 21:43:38'),(174,175,'cor','netto',1,56,2.00,'2026-02-19 04:43:38',NULL,'2026-02-18 21:43:38','2026-02-18 21:43:38'),(175,176,'cor','netto',1,84,2.00,'2026-02-19 04:43:38',NULL,'2026-02-18 21:43:38','2026-02-18 21:43:38'),(176,177,'cor','netto',1,20,2.00,'2026-02-19 04:43:38',NULL,'2026-02-18 21:43:38','2026-02-18 21:43:38'),(177,178,'cor','netto',3,12,17.12,'2026-02-19 04:43:38',NULL,'2026-02-18 21:43:38','2026-02-18 21:43:38'),(178,179,'cor','netto',2,12,4.60,'2026-02-19 04:43:38',NULL,'2026-02-18 21:43:38','2026-02-18 21:43:38'),(179,180,'cor','netto',2,20,2.01,'2026-02-19 04:47:42',NULL,'2026-02-18 21:47:42','2026-02-18 21:47:42'),(180,181,'cor','netto',2,20,2.01,'2026-02-19 04:47:42',NULL,'2026-02-18 21:47:42','2026-02-18 21:47:42'),(181,182,'cor','netto',2,20,2.01,'2026-02-19 04:47:42',NULL,'2026-02-18 21:47:42','2026-02-18 21:47:42'),(182,183,'cor','netto',2,55,4.36,'2026-02-19 04:47:42',NULL,'2026-02-18 21:47:42','2026-02-18 21:47:42'),(183,184,'cor','netto',2,35,4.36,'2026-02-19 04:47:42',NULL,'2026-02-18 21:47:42','2026-02-18 21:47:42'),(184,185,'cor','netto',3,10,13.76,'2026-02-19 04:47:42',NULL,'2026-02-18 21:47:42','2026-02-18 21:47:42'),(185,186,'cor','netto',3,11,13.76,'2026-02-19 04:47:42',NULL,'2026-02-18 21:47:42','2026-02-18 21:47:42'),(186,187,'cor','netto',3,4,13.76,'2026-02-19 04:47:42',NULL,'2026-02-18 21:47:42','2026-02-18 21:47:42'),(187,188,'cor','netto',3,2,14.21,'2026-02-19 04:47:42',NULL,'2026-02-18 21:47:42','2026-02-18 21:47:42'),(188,189,'cor','netto',3,8,14.21,'2026-02-19 04:47:42',NULL,'2026-02-18 21:47:42','2026-02-18 21:47:42'),(189,190,'cor','netto',3,11,14.21,'2026-02-19 04:47:42',NULL,'2026-02-18 21:47:42','2026-02-18 21:47:42'),(190,191,'cor','netto',3,16,14.21,'2026-02-19 04:47:42',NULL,'2026-02-18 21:47:42','2026-02-18 21:47:42'),(191,192,'cor','netto',3,14,14.21,'2026-02-19 04:47:42',NULL,'2026-02-18 21:47:42','2026-02-18 21:47:42'),(192,193,'cor','netto',3,18,14.21,'2026-02-19 04:47:42',NULL,'2026-02-18 21:47:42','2026-02-18 21:47:42'),(193,194,'cor','netto',3,17,14.21,'2026-02-19 04:47:42',NULL,'2026-02-18 21:47:42','2026-02-18 21:47:42'),(194,195,'cor','netto',3,17,14.21,'2026-02-19 04:47:42',NULL,'2026-02-18 21:47:42','2026-02-18 21:47:42'),(195,196,'cor','netto',1,32,1.31,'2026-02-19 04:47:42',NULL,'2026-02-18 21:47:42','2026-02-18 21:47:42'),(196,197,'cor','netto',2,60,0.90,'2026-02-19 04:47:42',NULL,'2026-02-18 21:47:42','2026-02-18 21:47:42'),(197,198,'cor','netto',3,2,27.37,'2026-02-19 04:47:42',NULL,'2026-02-18 21:47:42','2026-02-18 21:47:42'),(198,199,'cor','netto',3,5,27.98,'2026-02-19 04:47:42',NULL,'2026-02-18 21:47:42','2026-02-18 21:47:42'),(199,200,'cor','netto',1,24,2.06,'2026-02-19 04:47:42',NULL,'2026-02-18 21:47:42','2026-02-18 21:47:42'),(200,201,'cor','netto',1,24,2.06,'2026-02-19 04:47:42',NULL,'2026-02-18 21:47:42','2026-02-18 21:47:42'),(201,202,'cor','netto',1,24,2.06,'2026-02-19 04:47:42',NULL,'2026-02-18 21:47:42','2026-02-18 21:47:42'),(202,203,'cor','netto',1,24,2.06,'2026-02-19 04:47:42',NULL,'2026-02-18 21:47:42','2026-02-18 21:47:42'),(203,204,'cor','netto',1,48,2.06,'2026-02-19 04:47:42',NULL,'2026-02-18 21:47:42','2026-02-18 21:47:42'),(204,205,'cor','netto',1,126,0.48,'2026-02-19 04:48:26',NULL,'2026-02-18 21:48:26','2026-02-18 21:48:26'),(205,206,'cor','netto',1,28,0.62,'2026-02-19 04:48:26',NULL,'2026-02-18 21:48:26','2026-02-18 21:48:26'),(206,207,'cor','netto',1,56,0.62,'2026-02-19 04:48:26',NULL,'2026-02-18 21:48:26','2026-02-18 21:48:26'),(207,208,'cor','netto',1,28,0.62,'2026-02-19 04:48:26',NULL,'2026-02-18 21:48:26','2026-02-18 21:48:26'),(208,209,'cor','netto',1,12,2.06,'2026-02-19 04:48:26',NULL,'2026-02-18 21:48:26','2026-02-18 21:48:26'),(209,210,'cor','netto',1,36,2.06,'2026-02-19 04:48:26',NULL,'2026-02-18 21:48:26','2026-02-18 21:48:26'),(210,211,'cor','netto',1,24,2.06,'2026-02-19 04:48:26',NULL,'2026-02-18 21:48:26','2026-02-18 21:48:26'),(211,212,'cor','netto',1,48,2.06,'2026-02-19 04:48:26',NULL,'2026-02-18 21:48:26','2026-02-18 21:48:26'),(212,213,'cor','netto',2,46,2.53,'2026-02-26 06:07:58',NULL,'2026-02-26 06:07:58','2026-02-26 06:07:58'),(213,214,'cor','netto',2,14,2.53,'2026-02-26 06:07:58',NULL,'2026-02-26 06:07:58','2026-02-26 06:07:58'),(214,215,'cor','netto',2,30,2.72,'2026-02-26 06:07:58',NULL,'2026-02-26 06:07:58','2026-02-26 06:07:58'),(215,216,'cor','netto',2,16,2.72,'2026-02-26 06:07:58',NULL,'2026-02-26 06:07:58','2026-02-26 06:07:58'),(216,217,'cor','netto',2,14,2.72,'2026-02-26 06:07:58',NULL,'2026-02-26 06:07:58','2026-02-26 06:07:58'),(217,218,'cor','netto',4,13,16.42,'2026-02-26 06:07:58',NULL,'2026-02-26 06:07:58','2026-02-26 06:07:58'),(218,219,'cor','netto',1,96,1.87,'2026-02-26 06:07:58',NULL,'2026-02-26 06:07:58','2026-02-26 06:07:58'),(219,220,'cor','netto',1,136,1.87,'2026-02-26 06:07:58',NULL,'2026-02-26 06:07:58','2026-02-26 06:07:58'),(220,221,'cor','netto',1,112,1.87,'2026-02-26 06:07:58',NULL,'2026-02-26 06:07:58','2026-02-26 06:07:58'),(221,222,'cor','netto',1,136,1.87,'2026-02-26 06:07:58',NULL,'2026-02-26 06:07:58','2026-02-26 06:07:58'),(222,223,'cor','netto',1,108,1.87,'2026-02-26 06:07:58',NULL,'2026-02-26 06:07:58','2026-02-26 06:07:58'),(223,224,'cor','netto',1,136,1.87,'2026-02-26 06:07:58',NULL,'2026-02-26 06:07:58','2026-02-26 06:07:58'),(224,225,'cor','netto',1,136,1.87,'2026-02-26 06:07:59',NULL,'2026-02-26 06:07:59','2026-02-26 06:07:59'),(225,226,'cor','netto',1,36,1.87,'2026-02-26 06:07:59',NULL,'2026-02-26 06:07:59','2026-02-26 06:07:59'),(226,227,'cor','netto',1,84,1.36,'2026-02-26 06:08:52',NULL,'2026-02-26 06:08:52','2026-02-26 06:08:52'),(227,228,'cor','netto',1,128,1.36,'2026-02-26 06:08:52',NULL,'2026-02-26 06:08:52','2026-02-26 06:08:52'),(228,229,'cor','netto',1,116,1.36,'2026-02-26 06:08:52',NULL,'2026-02-26 06:08:52','2026-02-26 06:08:52'),(229,230,'cor','netto',1,28,1.36,'2026-02-26 06:08:52',NULL,'2026-02-26 06:08:52','2026-02-26 06:08:52'),(230,231,'cor','netto',1,186,0.57,'2026-02-26 06:08:52',NULL,'2026-02-26 06:08:52','2026-02-26 06:08:52'),(231,232,'cor','netto',1,162,0.57,'2026-02-26 06:08:53',NULL,'2026-02-26 06:08:53','2026-02-26 06:08:53'),(232,233,'cor','netto',4,1,39.64,'2026-02-26 06:08:53',NULL,'2026-02-26 06:08:53','2026-02-26 06:08:53'),(233,234,'cor','netto',4,1,75.33,'2026-02-26 06:08:53',NULL,'2026-02-26 06:08:53','2026-02-26 06:08:53'),(234,235,'cor','netto',3,11,7.22,'2026-02-26 06:08:53',NULL,'2026-02-26 06:08:53','2026-02-26 06:08:53'),(235,236,'cor','netto',3,15,7.22,'2026-02-26 06:08:53',NULL,'2026-02-26 06:08:53','2026-02-26 06:08:53'),(236,237,'cor','netto',3,12,7.22,'2026-02-26 06:08:53',NULL,'2026-02-26 06:08:53','2026-02-26 06:08:53'),(237,238,'cor','netto',3,7,14.21,'2026-02-26 06:08:53',NULL,'2026-02-26 06:08:53','2026-02-26 06:08:53'),(238,239,'cor','netto',4,2,20.33,'2026-02-26 06:08:53',NULL,'2026-02-26 06:08:53','2026-02-26 06:08:53'),(239,240,'cor','netto',3,13,9.82,'2026-02-26 06:08:53',NULL,'2026-02-26 06:08:53','2026-02-26 06:08:53'),(240,241,'cor','netto',3,13,9.82,'2026-02-26 06:08:53',NULL,'2026-02-26 06:08:53','2026-02-26 06:08:53'),(241,242,'cor','netto',3,2,9.82,'2026-02-26 06:08:53',NULL,'2026-02-26 06:08:53','2026-02-26 06:08:53'),(242,243,'cor','netto',3,13,9.54,'2026-02-26 06:08:53',NULL,'2026-02-26 06:08:53','2026-02-26 06:08:53'),(243,244,'cor','netto',3,13,9.54,'2026-02-26 06:08:53',NULL,'2026-02-26 06:08:53','2026-02-26 06:08:53'),(244,245,'cor','netto',3,11,9.54,'2026-02-26 06:08:53',NULL,'2026-02-26 06:08:53','2026-02-26 06:08:53'),(245,246,'cor','netto',3,11,9.54,'2026-02-26 06:08:53',NULL,'2026-02-26 06:08:53','2026-02-26 06:08:53'),(246,247,'cor','netto',3,22,9.54,'2026-02-26 06:08:53',NULL,'2026-02-26 06:08:53','2026-02-26 06:08:53'),(247,248,'cor','netto',3,11,9.54,'2026-02-26 06:08:53',NULL,'2026-02-26 06:08:53','2026-02-26 06:08:53'),(248,249,'cor','netto',3,23,9.54,'2026-02-26 06:08:53',NULL,'2026-02-26 06:08:53','2026-02-26 06:08:53'),(249,250,'cor','netto',3,18,9.54,'2026-02-26 06:08:53',NULL,'2026-02-26 06:08:53','2026-02-26 06:08:53'),(250,251,'cor','netto',3,4,9.54,'2026-02-26 06:08:53',NULL,'2026-02-26 06:08:53','2026-02-26 06:08:53'),(251,252,'cor','netto',3,9,10.38,'2026-02-26 06:08:53',NULL,'2026-02-26 06:08:53','2026-02-26 06:08:53'),(252,253,'cor','netto',3,11,10.38,'2026-02-26 06:08:53',NULL,'2026-02-26 06:08:53','2026-02-26 06:08:53'),(253,254,'cor','netto',4,3,20.33,'2026-02-26 06:08:53',NULL,'2026-02-26 06:08:53','2026-02-26 06:08:53'),(254,255,'cor','netto',4,10,20.33,'2026-02-26 06:08:53',NULL,'2026-02-26 06:08:53','2026-02-26 06:08:53'),(255,256,'cor','netto',1,112,1.31,'2026-02-26 06:08:53',NULL,'2026-02-26 06:08:53','2026-02-26 06:08:53'),(256,257,'cor','netto',3,4,15.75,'2026-02-26 06:08:53',NULL,'2026-02-26 06:08:53','2026-02-26 06:08:53'),(257,258,'cor','netto',3,11,15.75,'2026-02-26 06:08:53',NULL,'2026-02-26 06:08:53','2026-02-26 06:08:53'),(258,259,'cor','netto',1,24,2.45,'2026-02-26 06:08:53',NULL,'2026-02-26 06:08:53','2026-02-26 06:08:53'),(259,260,'cor','netto',2,20,7.10,'2026-02-26 06:08:53',NULL,'2026-02-26 06:08:53','2026-02-26 06:08:53'),(260,261,'cor','netto',4,4,16.42,'2026-02-26 06:08:53',NULL,'2026-02-26 06:08:53','2026-02-26 06:08:53'),(261,262,'cor','netto',2,16,3.11,'2026-02-26 06:08:53',NULL,'2026-02-26 06:08:53','2026-02-26 06:08:53'),(262,263,'cor','netto',2,64,3.11,'2026-02-26 06:08:53',NULL,'2026-02-26 06:08:53','2026-02-26 06:08:53'),(263,264,'cor','netto',2,50,3.09,'2026-02-26 06:08:53',NULL,'2026-02-26 06:08:53','2026-02-26 06:08:53'),(264,265,'cor','netto',3,2,11.94,'2026-02-26 06:10:22',NULL,'2026-02-26 06:10:22','2026-02-26 06:10:22'),(265,266,'cor','netto',3,24,9.54,'2026-02-26 06:10:22',NULL,'2026-02-26 06:10:22','2026-02-26 06:10:22'),(266,267,'cor','netto',3,4,9.54,'2026-02-26 06:10:22',NULL,'2026-02-26 06:10:22','2026-02-26 06:10:22'),(267,268,'cor','netto',1,132,1.36,'2026-02-26 06:10:22',NULL,'2026-02-26 06:10:22','2026-02-26 06:10:22'),(268,269,'cor','netto',1,84,1.36,'2026-02-26 06:10:22',NULL,'2026-02-26 06:10:22','2026-02-26 06:10:22'),(269,270,'cor','netto',1,144,1.36,'2026-02-26 06:10:22',NULL,'2026-02-26 06:10:22','2026-02-26 06:10:22'),(270,271,'cor','netto',3,15,7.22,'2026-02-26 06:10:22',NULL,'2026-02-26 06:10:22','2026-02-26 06:10:22'),(271,272,'cor','netto',3,28,7.22,'2026-02-26 06:10:22',NULL,'2026-02-26 06:10:22','2026-02-26 06:10:22'),(272,273,'cor','netto',3,30,7.22,'2026-02-26 06:10:22',NULL,'2026-02-26 06:10:22','2026-02-26 06:10:22'),(273,274,'cor','netto',3,21,7.22,'2026-02-26 06:10:22',NULL,'2026-02-26 06:10:22','2026-02-26 06:10:22'),(274,275,'cor','netto',3,20,7.22,'2026-02-26 06:10:22',NULL,'2026-02-26 06:10:22','2026-02-26 06:10:22'),(275,276,'cor','netto',1,180,0.57,'2026-02-26 06:10:22',NULL,'2026-02-26 06:10:22','2026-02-26 06:10:22'),(276,277,'cor','netto',3,13,9.54,'2026-02-26 06:10:22',NULL,'2026-02-26 06:10:22','2026-02-26 06:10:22'),(277,278,'cor','netto',3,8,9.54,'2026-02-26 06:10:22',NULL,'2026-02-26 06:10:22','2026-02-26 06:10:22'),(278,279,'cor','netto',3,20,5.90,'2026-02-26 06:10:22',NULL,'2026-02-26 06:10:22','2026-02-26 06:10:22'),(279,280,'cor','netto',3,28,5.90,'2026-02-26 06:10:22',NULL,'2026-02-26 06:10:22','2026-02-26 06:10:22'),(280,281,'cor','netto',3,12,5.90,'2026-02-26 06:10:22',NULL,'2026-02-26 06:10:22','2026-02-26 06:10:22'),(281,282,'cor','netto',2,24,0.77,'2026-02-26 06:10:22',NULL,'2026-02-26 06:10:22','2026-02-26 06:10:22'),(282,283,'cor','netto',4,5,20.33,'2026-02-26 06:10:22',NULL,'2026-02-26 06:10:22','2026-02-26 06:10:22'),(283,284,'cor','netto',1,112,0.62,'2026-02-26 06:10:22',NULL,'2026-02-26 06:10:22','2026-02-26 06:10:22'),(284,285,'cor','netto',1,80,1.31,'2026-02-26 06:10:22',NULL,'2026-02-26 06:10:22','2026-02-26 06:10:22'),(285,286,'cor','netto',3,2,27.98,'2026-02-26 06:10:22',NULL,'2026-02-26 06:10:22','2026-02-26 06:10:22'),(286,287,'cor','netto',3,13,6.33,'2026-02-26 06:10:22',NULL,'2026-02-26 06:10:22','2026-02-26 06:10:22'),(287,288,'cor','netto',3,22,6.33,'2026-02-26 06:10:23',NULL,'2026-02-26 06:10:23','2026-02-26 06:10:23'),(288,289,'cor','netto',1,32,0.78,'2026-02-26 06:10:23',NULL,'2026-02-26 06:10:23','2026-02-26 06:10:23'),(289,290,'cor','netto',1,16,0.78,'2026-02-26 06:10:23',NULL,'2026-02-26 06:10:23','2026-02-26 06:10:23'),(290,291,'cor','netto',1,32,0.78,'2026-02-26 06:10:23',NULL,'2026-02-26 06:10:23','2026-02-26 06:10:23'),(291,292,'cor','netto',1,32,0.78,'2026-02-26 06:10:23',NULL,'2026-02-26 06:10:23','2026-02-26 06:10:23'),(292,293,'cor','netto',1,64,0.78,'2026-02-26 06:10:23',NULL,'2026-02-26 06:10:23','2026-02-26 06:10:23'),(293,294,'cor','netto',1,16,0.78,'2026-02-26 06:10:23',NULL,'2026-02-26 06:10:23','2026-02-26 06:10:23'),(294,295,'cor','netto',1,48,2.06,'2026-02-26 06:10:23',NULL,'2026-02-26 06:10:23','2026-02-26 06:10:23'),(295,296,'cor','netto',1,56,0.40,'2026-02-26 06:10:24',NULL,'2026-02-26 06:10:24','2026-02-26 06:10:24'),(296,297,'cor','netto',1,24,2.06,'2026-02-26 06:10:24',NULL,'2026-02-26 06:10:24','2026-02-26 06:10:24'),(297,298,'cor','netto',1,24,2.06,'2026-02-26 06:10:24',NULL,'2026-02-26 06:10:24','2026-02-26 06:10:24'),(298,299,'cor','netto',1,24,2.06,'2026-02-26 06:10:24',NULL,'2026-02-26 06:10:24','2026-02-26 06:10:24'),(299,300,'cor','netto',1,60,2.06,'2026-02-26 06:10:24',NULL,'2026-02-26 06:10:24','2026-02-26 06:10:24'),(300,301,'cor','netto',4,5,17.01,'2026-02-26 06:10:24',NULL,'2026-02-26 06:10:24','2026-02-26 06:10:24'),(301,302,'cor','netto',1,40,1.87,'2026-02-26 06:10:24',NULL,'2026-02-26 06:10:24','2026-02-26 06:10:24'),(302,303,'cor','netto',1,64,1.87,'2026-02-26 06:10:24',NULL,'2026-02-26 06:10:24','2026-02-26 06:10:24'),(303,304,'cor','netto',3,26,7.22,'2026-02-26 06:11:58',NULL,'2026-02-26 06:11:58','2026-02-26 06:11:58'),(304,305,'cor','netto',3,18,7.22,'2026-02-26 06:11:58',NULL,'2026-02-26 06:11:58','2026-02-26 06:11:58'),(305,306,'cor','netto',3,34,7.22,'2026-02-26 06:11:58',NULL,'2026-02-26 06:11:58','2026-02-26 06:11:58'),(306,307,'cor','netto',3,37,7.22,'2026-02-26 06:11:58',NULL,'2026-02-26 06:11:58','2026-02-26 06:11:58'),(307,308,'cor','netto',3,15,7.22,'2026-02-26 06:11:59',NULL,'2026-02-26 06:11:59','2026-02-26 06:11:59'),(308,309,'cor','netto',2,23,6.14,'2026-02-26 06:11:59',NULL,'2026-02-26 06:11:59','2026-02-26 06:11:59'),(309,310,'cor','netto',2,19,6.14,'2026-02-26 06:11:59',NULL,'2026-02-26 06:11:59','2026-02-26 06:11:59'),(310,311,'cor','netto',2,29,6.14,'2026-02-26 06:11:59',NULL,'2026-02-26 06:11:59','2026-02-26 06:11:59'),(311,312,'cor','netto',2,20,6.14,'2026-02-26 06:11:59',NULL,'2026-02-26 06:11:59','2026-02-26 06:11:59'),(312,313,'cor','netto',2,20,6.14,'2026-02-26 06:11:59',NULL,'2026-02-26 06:11:59','2026-02-26 06:11:59'),(313,314,'cor','netto',2,60,1.00,'2026-02-26 06:11:59',NULL,'2026-02-26 06:11:59','2026-02-26 06:11:59'),(314,315,'cor','netto',1,110,1.20,'2026-02-26 06:11:59',NULL,'2026-02-26 06:11:59','2026-02-26 06:11:59'),(315,316,'cor','netto',1,28,0.62,'2026-02-26 06:11:59',NULL,'2026-02-26 06:11:59','2026-02-26 06:11:59'),(316,317,'cor','netto',1,16,1.31,'2026-02-26 06:11:59',NULL,'2026-02-26 06:11:59','2026-02-26 06:11:59'),(317,318,'cor','netto',1,28,1.31,'2026-02-26 06:11:59',NULL,'2026-02-26 06:11:59','2026-02-26 06:11:59'),(318,319,'cor','netto',4,2,35.67,'2026-02-26 06:11:59',NULL,'2026-02-26 06:11:59','2026-02-26 06:11:59'),(319,320,'cor','netto',3,24,8.37,'2026-02-26 06:11:59',NULL,'2026-02-26 06:11:59','2026-02-26 06:11:59'),(320,321,'cor','netto',3,9,8.37,'2026-02-26 06:11:59',NULL,'2026-02-26 06:11:59','2026-02-26 06:11:59'),(321,322,'cor','netto',4,2,35.67,'2026-02-26 06:11:59',NULL,'2026-02-26 06:11:59','2026-02-26 06:11:59'),(322,323,'cor','netto',4,2,33.47,'2026-02-26 06:11:59',NULL,'2026-02-26 06:11:59','2026-02-26 06:11:59'),(323,324,'cor','netto',1,140,1.87,'2026-02-26 06:11:59',NULL,'2026-02-26 06:11:59','2026-02-26 06:11:59'),(324,325,'cor','netto',1,40,1.87,'2026-02-26 06:11:59',NULL,'2026-02-26 06:11:59','2026-02-26 06:11:59'),(325,326,'cor','netto',1,96,0.78,'2026-02-26 06:11:59',NULL,'2026-02-26 06:11:59','2026-02-26 06:11:59'),(326,327,'cor','netto',1,24,2.06,'2026-02-26 06:11:59',NULL,'2026-02-26 06:11:59','2026-02-26 06:11:59'),(327,328,'cor','netto',1,24,2.06,'2026-02-26 06:11:59',NULL,'2026-02-26 06:11:59','2026-02-26 06:11:59'),(328,329,'cor','netto',1,24,2.06,'2026-02-26 06:11:59',NULL,'2026-02-26 06:11:59','2026-02-26 06:11:59'),(329,330,'cor','netto',1,140,0.40,'2026-02-26 06:11:59',NULL,'2026-02-26 06:11:59','2026-02-26 06:11:59'),(330,331,'cor','netto',1,72,2.06,'2026-02-26 06:11:59',NULL,'2026-02-26 06:11:59','2026-02-26 06:11:59'),(331,332,'cor','netto',1,72,2.06,'2026-02-26 06:11:59',NULL,'2026-02-26 06:11:59','2026-02-26 06:11:59'),(332,333,'cor','netto',4,5,17.01,'2026-02-26 06:11:59',NULL,'2026-02-26 06:11:59','2026-02-26 06:11:59'),(333,334,'cor','netto',1,60,1.87,'2026-02-26 06:11:59',NULL,'2026-02-26 06:11:59','2026-02-26 06:11:59'),(334,335,'cor','netto',1,64,1.87,'2026-02-26 06:11:59',NULL,'2026-02-26 06:11:59','2026-02-26 06:11:59'),(335,336,'cor','netto',1,68,1.87,'2026-02-26 06:11:59',NULL,'2026-02-26 06:11:59','2026-02-26 06:11:59'),(336,337,'cor','netto',1,112,1.87,'2026-02-26 06:11:59',NULL,'2026-02-26 06:11:59','2026-02-26 06:11:59'),(337,338,'cor','netto',1,112,1.87,'2026-02-26 06:11:59',NULL,'2026-02-26 06:11:59','2026-02-26 06:11:59'),(338,339,'cor','netto',1,128,1.87,'2026-02-26 06:11:59',NULL,'2026-02-26 06:11:59','2026-02-26 06:11:59'),(339,340,'cor','netto',1,128,1.87,'2026-02-26 06:11:59',NULL,'2026-02-26 06:11:59','2026-02-26 06:11:59'),(340,341,'cor','netto',1,136,1.87,'2026-02-26 06:11:59',NULL,'2026-02-26 06:11:59','2026-02-26 06:11:59'),(341,342,'cor','netto',1,48,1.87,'2026-02-26 06:11:59',NULL,'2026-02-26 06:11:59','2026-02-26 06:11:59'),(342,343,'cor','netto',1,192,1.25,'2026-02-26 06:13:03',NULL,'2026-02-26 06:13:03','2026-02-26 06:13:03'),(343,344,'cor','netto',1,110,1.20,'2026-02-26 06:13:03',NULL,'2026-02-26 06:13:03','2026-02-26 06:13:03'),(344,345,'cor','netto',1,110,1.20,'2026-02-26 06:13:03',NULL,'2026-02-26 06:13:03','2026-02-26 06:13:03'),(345,346,'cor','netto',2,34,0.89,'2026-02-26 06:13:03',NULL,'2026-02-26 06:13:03','2026-02-26 06:13:03'),(346,347,'cor','netto',1,80,1.31,'2026-02-26 06:13:03',NULL,'2026-02-26 06:13:03','2026-02-26 06:13:03'),(347,348,'cor','netto',1,110,1.20,'2026-02-26 06:13:03',NULL,'2026-02-26 06:13:03','2026-02-26 06:13:03'),(348,349,'cor','netto',1,132,1.20,'2026-02-26 06:13:03',NULL,'2026-02-26 06:13:03','2026-02-26 06:13:03'),(349,350,'cor','netto',1,22,1.31,'2026-02-26 06:13:03',NULL,'2026-02-26 06:13:03','2026-02-26 06:13:03'),(350,351,'cor','netto',1,288,0.31,'2026-02-26 06:13:03',NULL,'2026-02-26 06:13:03','2026-02-26 06:13:03'),(351,352,'cor','netto',4,6,30.68,'2026-02-26 06:13:03',NULL,'2026-02-26 06:13:03','2026-02-26 06:13:03'),(352,353,'cor','netto',1,56,0.62,'2026-02-26 06:13:03',NULL,'2026-02-26 06:13:03','2026-02-26 06:13:03'),(353,354,'cor','netto',1,56,1.31,'2026-02-26 06:13:03',NULL,'2026-02-26 06:13:03','2026-02-26 06:13:03'),(354,355,'cor','netto',3,12,16.51,'2026-02-26 06:13:03',NULL,'2026-02-26 06:13:03','2026-02-26 06:13:03'),(355,356,'cor','netto',3,34,6.33,'2026-02-26 06:13:03',NULL,'2026-02-26 06:13:03','2026-02-26 06:13:03'),(356,357,'cor','netto',3,41,6.33,'2026-02-26 06:13:04',NULL,'2026-02-26 06:13:04','2026-02-26 06:13:04'),(357,358,'cor','netto',3,8,6.33,'2026-02-26 06:13:04',NULL,'2026-02-26 06:13:04','2026-02-26 06:13:04'),(358,359,'cor','netto',1,16,0.78,'2026-02-26 06:13:04',NULL,'2026-02-26 06:13:04','2026-02-26 06:13:04'),(359,360,'cor','netto',1,60,0.49,'2026-02-26 06:13:04',NULL,'2026-02-26 06:13:04','2026-02-26 06:13:04'),(360,361,'cor','netto',1,16,0.78,'2026-02-26 06:13:04',NULL,'2026-02-26 06:13:04','2026-02-26 06:13:04'),(361,362,'cor','netto',1,140,0.40,'2026-02-26 06:13:04',NULL,'2026-02-26 06:13:04','2026-02-26 06:13:04'),(362,363,'cor','netto',2,78,3.11,'2026-02-26 06:13:04',NULL,'2026-02-26 06:13:04','2026-02-26 06:13:04'),(363,364,'cor','netto',2,76,3.11,'2026-02-26 06:13:04',NULL,'2026-02-26 06:13:04','2026-02-26 06:13:04'),(364,365,'cor','netto',2,66,3.11,'2026-02-26 06:13:04',NULL,'2026-02-26 06:13:04','2026-02-26 06:13:04'),(365,366,'cor','netto',2,36,4.60,'2026-02-26 06:13:04',NULL,'2026-02-26 06:13:04','2026-02-26 06:13:04'),(366,367,'cor','netto',2,12,4.60,'2026-02-26 06:13:04',NULL,'2026-02-26 06:13:04','2026-02-26 06:13:04'),(367,368,'cor','netto',3,23,10.12,'2026-02-26 06:13:04',NULL,'2026-02-26 06:13:04','2026-02-26 06:13:04'),(368,369,'cor','netto',2,34,3.50,'2026-02-26 06:13:04',NULL,'2026-02-26 06:13:04','2026-02-26 06:13:04'),(369,370,'cor','netto',2,64,2.59,'2026-02-26 06:13:04',NULL,'2026-02-26 06:13:04','2026-02-26 06:13:04'),(370,371,'cor','netto',2,72,2.59,'2026-02-26 06:13:04',NULL,'2026-02-26 06:13:04','2026-02-26 06:13:04'),(371,372,'cor','netto',2,18,2.59,'2026-02-26 06:13:04',NULL,'2026-02-26 06:13:04','2026-02-26 06:13:04'),(372,373,'cor','netto',1,128,1.87,'2026-02-26 06:13:04',NULL,'2026-02-26 06:13:04','2026-02-26 06:13:04'),(373,374,'cor','netto',1,24,1.87,'2026-02-26 06:13:04',NULL,'2026-02-26 06:13:04','2026-02-26 06:13:04'),(374,375,'cor','netto',2,40,2.18,'2026-02-26 06:13:50',NULL,'2026-02-26 06:13:50','2026-02-26 06:13:50'),(375,376,'cor','netto',2,58,3.39,'2026-02-26 06:13:50',NULL,'2026-02-26 06:13:50','2026-02-26 06:13:50'),(376,377,'cor','netto',2,57,3.39,'2026-02-26 06:13:50',NULL,'2026-02-26 06:13:50','2026-02-26 06:13:50'),(377,378,'cor','netto',2,36,4.69,'2026-02-26 06:13:50',NULL,'2026-02-26 06:13:50','2026-02-26 06:13:50'),(378,379,'cor','netto',2,13,4.69,'2026-02-26 06:13:50',NULL,'2026-02-26 06:13:50','2026-02-26 06:13:50'),(379,380,'cor','netto',1,104,2.48,'2026-02-26 06:13:50',NULL,'2026-02-26 06:13:50','2026-02-26 06:13:50'),(380,381,'cor','netto',4,4,30.68,'2026-02-26 06:13:50',NULL,'2026-02-26 06:13:50','2026-02-26 06:13:50'),(381,382,'cor','netto',1,38,1.20,'2026-02-26 06:13:50',NULL,'2026-02-26 06:13:50','2026-02-26 06:13:50'),(382,383,'cor','netto',1,32,1.31,'2026-02-26 06:13:50',NULL,'2026-02-26 06:13:50','2026-02-26 06:13:50'),(383,384,'cor','netto',1,32,0.31,'2026-02-26 06:13:50',NULL,'2026-02-26 06:13:50','2026-02-26 06:13:50'),(384,385,'cor','netto',1,160,0.51,'2026-02-26 06:13:51',NULL,'2026-02-26 06:13:51','2026-02-26 06:13:51'),(385,386,'cor','netto',4,5,23.03,'2026-02-26 06:13:51',NULL,'2026-02-26 06:13:51','2026-02-26 06:13:51'),(386,387,'cor','netto',3,1,16.51,'2026-02-26 06:13:51',NULL,'2026-02-26 06:13:51','2026-02-26 06:13:51'),(387,388,'cor','netto',3,11,16.61,'2026-02-26 06:13:51',NULL,'2026-02-26 06:13:51','2026-02-26 06:13:51'),(388,389,'cor','netto',3,36,6.33,'2026-02-26 06:13:51',NULL,'2026-02-26 06:13:51','2026-02-26 06:13:51'),(389,390,'cor','netto',3,24,6.33,'2026-02-26 06:13:51',NULL,'2026-02-26 06:13:51','2026-02-26 06:13:51'),(390,391,'cor','netto',2,30,3.11,'2026-02-26 06:13:51',NULL,'2026-02-26 06:13:51','2026-02-26 06:13:51'),(391,392,'cor','netto',1,56,0.66,'2026-02-26 06:13:51',NULL,'2026-02-26 06:13:51','2026-02-26 06:13:51'),(392,393,'cor','netto',1,168,0.66,'2026-02-26 06:13:51',NULL,'2026-02-26 06:13:51','2026-02-26 06:13:51'),(393,394,'cor','netto',1,36,0.57,'2026-02-26 06:13:51',NULL,'2026-02-26 06:13:51','2026-02-26 06:13:51'),(394,395,'cor','netto',1,36,0.73,'2026-02-26 06:13:51',NULL,'2026-02-26 06:13:51','2026-02-26 06:13:51'),(395,396,'cor','netto',2,0,3.11,'2026-02-26 06:13:51',NULL,'2026-02-26 06:13:51','2026-02-26 06:13:51'),(396,397,'cor','netto',1,168,0.60,'2026-02-26 06:13:51',NULL,'2026-02-26 06:13:51','2026-02-26 06:13:51'),(397,398,'cor','netto',2,30,3.39,'2026-02-26 06:14:31',NULL,'2026-02-26 06:14:31','2026-02-26 06:14:31'),(398,399,'cor','netto',2,30,3.39,'2026-02-26 06:14:31',NULL,'2026-02-26 06:14:31','2026-02-26 06:14:31'),(399,400,'cor','netto',1,140,0.49,'2026-02-26 06:14:31',NULL,'2026-02-26 06:14:31','2026-02-26 06:14:31'),(400,401,'cor','netto',1,88,0.49,'2026-02-26 06:14:31',NULL,'2026-02-26 06:14:31','2026-02-26 06:14:31'),(401,402,'cor','netto',4,7,27.80,'2026-02-26 06:14:31',NULL,'2026-02-26 06:14:31','2026-02-26 06:14:31'),(402,403,'cor','netto',2,152,1.63,'2026-02-26 06:14:31',NULL,'2026-02-26 06:14:31','2026-02-26 06:14:31'),(403,404,'cor','netto',2,88,1.63,'2026-02-26 06:14:31',NULL,'2026-02-26 06:14:31','2026-02-26 06:14:31'),(404,405,'cor','netto',3,34,7.50,'2026-02-26 06:14:32',NULL,'2026-02-26 06:14:32','2026-02-26 06:14:32'),(405,406,'cor','netto',3,23,7.50,'2026-02-26 06:14:32',NULL,'2026-02-26 06:14:32','2026-02-26 06:14:32'),(406,407,'cor','netto',3,30,7.50,'2026-02-26 06:14:32',NULL,'2026-02-26 06:14:32','2026-02-26 06:14:32'),(407,408,'cor','netto',3,32,7.50,'2026-02-26 06:14:32',NULL,'2026-02-26 06:14:32','2026-02-26 06:14:32'),(408,409,'cor','netto',3,38,7.50,'2026-02-26 06:14:32',NULL,'2026-02-26 06:14:32','2026-02-26 06:14:32'),(409,410,'cor','netto',2,44,4.69,'2026-02-26 06:15:53',NULL,'2026-02-26 06:15:53','2026-02-26 06:15:53'),(410,411,'cor','netto',2,50,4.69,'2026-02-26 06:15:53',NULL,'2026-02-26 06:15:53','2026-02-26 06:15:53'),(411,412,'cor','netto',2,31,4.69,'2026-02-26 06:15:53',NULL,'2026-02-26 06:15:53','2026-02-26 06:15:53'),(412,413,'cor','netto',3,10,9.54,'2026-02-26 06:15:53',NULL,'2026-02-26 06:15:53','2026-02-26 06:15:53'),(413,414,'cor','netto',4,9,27.80,'2026-02-26 06:15:53',NULL,'2026-02-26 06:15:53','2026-02-26 06:15:53'),(414,415,'cor','netto',2,110,0.89,'2026-02-26 06:15:53',NULL,'2026-02-26 06:15:53','2026-02-26 06:15:53'),(415,416,'cor','netto',1,44,1.20,'2026-02-26 06:15:53',NULL,'2026-02-26 06:15:53','2026-02-26 06:15:53'),(416,417,'cor','netto',3,24,7.50,'2026-02-26 06:15:53',NULL,'2026-02-26 06:15:53','2026-02-26 06:15:53'),(417,418,'cor','netto',3,2,16.61,'2026-02-26 06:15:53',NULL,'2026-02-26 06:15:53','2026-02-26 06:15:53'),(418,419,'cor','netto',3,13,16.61,'2026-02-26 06:15:53',NULL,'2026-02-26 06:15:53','2026-02-26 06:15:53'),(419,420,'cor','netto',3,15,16.61,'2026-02-26 06:15:53',NULL,'2026-02-26 06:15:53','2026-02-26 06:15:53'),(420,421,'cor','netto',3,11,16.61,'2026-02-26 06:15:53',NULL,'2026-02-26 06:15:53','2026-02-26 06:15:53'),(421,422,'cor','netto',3,6,16.61,'2026-02-26 06:15:53',NULL,'2026-02-26 06:15:53','2026-02-26 06:15:53'),(422,423,'cor','netto',2,12,3.11,'2026-02-26 06:15:53',NULL,'2026-02-26 06:15:53','2026-02-26 06:15:53'),(423,424,'cor','netto',3,1,16.61,'2026-02-26 06:15:53',NULL,'2026-02-26 06:15:53','2026-02-26 06:15:53'),(424,425,'cor','netto',1,24,0.73,'2026-02-26 06:15:53',NULL,'2026-02-26 06:15:53','2026-02-26 06:15:53'),(425,426,'cor','netto',2,90,2.37,'2026-02-26 06:17:05',NULL,'2026-02-26 06:17:05','2026-02-26 06:17:05'),(426,427,'cor','netto',2,92,2.37,'2026-02-26 06:17:05',NULL,'2026-02-26 06:17:05','2026-02-26 06:17:05'),(427,428,'cor','netto',2,58,2.37,'2026-02-26 06:17:05',NULL,'2026-02-26 06:17:05','2026-02-26 06:17:05'),(428,429,'cor','netto',4,6,27.80,'2026-02-26 06:17:05',NULL,'2026-02-26 06:17:05','2026-02-26 06:17:05'),(429,430,'cor','netto',4,7,27.80,'2026-02-26 06:17:05',NULL,'2026-02-26 06:17:05','2026-02-26 06:17:05'),(430,431,'cor','netto',1,32,1.87,'2026-02-26 06:17:05',NULL,'2026-02-26 06:17:05','2026-02-26 06:17:05'),(431,432,'cor','netto',1,120,1.87,'2026-02-26 06:17:05',NULL,'2026-02-26 06:17:05','2026-02-26 06:17:05'),(432,433,'cor','netto',1,124,1.87,'2026-02-26 06:17:05',NULL,'2026-02-26 06:17:05','2026-02-26 06:17:05'),(433,434,'cor','netto',2,72,2.59,'2026-02-26 06:17:05',NULL,'2026-02-26 06:17:05','2026-02-26 06:17:05'),(434,435,'cor','netto',2,22,1.98,'2026-02-26 06:17:05',NULL,'2026-02-26 06:17:05','2026-02-26 06:17:05'),(435,436,'cor','netto',2,88,1.98,'2026-02-26 06:17:05',NULL,'2026-02-26 06:17:05','2026-02-26 06:17:05'),(436,437,'cor','netto',2,14,2.42,'2026-02-26 06:17:44',NULL,'2026-02-26 06:17:44','2026-02-26 06:17:44'),(437,438,'cor','netto',2,7,2.42,'2026-02-26 06:17:44',NULL,'2026-02-26 06:17:44','2026-02-26 06:17:44'),(438,439,'cor','netto',4,2,27.80,'2026-02-26 06:17:44',NULL,'2026-02-26 06:17:44','2026-02-26 06:17:44'),(439,440,'cor','netto',1,168,1.60,'2026-02-26 06:17:44',NULL,'2026-02-26 06:17:44','2026-02-26 06:17:44'),(440,441,'cor','netto',1,176,1.60,'2026-02-26 06:17:44',NULL,'2026-02-26 06:17:44','2026-02-26 06:17:44'),(441,442,'cor','netto',4,2,42.87,'2026-02-26 06:17:44',NULL,'2026-02-26 06:17:44','2026-02-26 06:17:44'),(442,443,'cor','netto',2,44,0.89,'2026-02-26 06:17:45',NULL,'2026-02-26 06:17:45','2026-02-26 06:17:45'),(443,444,'cor','netto',2,44,0.89,'2026-02-26 06:17:45',NULL,'2026-02-26 06:17:45','2026-02-26 06:17:45'),(444,445,'cor','netto',2,44,0.89,'2026-02-26 06:17:45',NULL,'2026-02-26 06:17:45','2026-02-26 06:17:45'),(445,446,'cor','netto',1,44,1.20,'2026-02-26 06:17:45',NULL,'2026-02-26 06:17:45','2026-02-26 06:17:45'),(446,447,'cor','netto',1,88,1.20,'2026-02-26 06:17:45',NULL,'2026-02-26 06:17:45','2026-02-26 06:17:45'),(447,448,'cor','netto',1,108,1.31,'2026-02-26 06:17:45',NULL,'2026-02-26 06:17:45','2026-02-26 06:17:45'),(448,449,'cor','netto',1,18,1.03,'2026-02-26 06:17:45',NULL,'2026-02-26 06:17:45','2026-02-26 06:17:45'),(449,450,'cor','netto',1,120,2.86,'2026-02-26 06:17:45',NULL,'2026-02-26 06:17:45','2026-02-26 06:17:45'),(450,451,'cor','netto',2,60,3.11,'2026-02-26 06:17:45',NULL,'2026-02-26 06:17:45','2026-02-26 06:17:45'),(451,452,'cor','netto',1,28,0.60,'2026-02-26 06:17:45',NULL,'2026-02-26 06:17:45','2026-02-26 06:17:45'),(452,453,'cor','netto',1,148,2.00,'2026-02-26 06:17:45',NULL,'2026-02-26 06:17:45','2026-02-26 06:17:45'),(453,454,'cor','netto',1,116,2.00,'2026-02-26 06:17:45',NULL,'2026-02-26 06:17:45','2026-02-26 06:17:45'),(454,455,'cor','netto',1,112,2.00,'2026-02-26 06:17:45',NULL,'2026-02-26 06:17:45','2026-02-26 06:17:45'),(455,456,'cor','netto',1,100,2.00,'2026-02-26 06:17:45',NULL,'2026-02-26 06:17:45','2026-02-26 06:17:45'),(456,457,'cor','netto',1,112,2.00,'2026-02-26 06:17:45',NULL,'2026-02-26 06:17:45','2026-02-26 06:17:45'),(457,458,'cor','netto',1,164,2.00,'2026-02-26 06:17:45',NULL,'2026-02-26 06:17:45','2026-02-26 06:17:45'),(458,459,'cor','netto',2,102,2.59,'2026-02-26 06:17:45',NULL,'2026-02-26 06:17:45','2026-02-26 06:17:45'),(459,460,'cor','netto',2,106,2.59,'2026-02-26 06:17:45',NULL,'2026-02-26 06:17:45','2026-02-26 06:17:45'),(460,461,'cor','netto',2,114,2.59,'2026-02-26 06:17:45',NULL,'2026-02-26 06:17:45','2026-02-26 06:17:45'),(461,462,'cor','netto',2,96,2.59,'2026-02-26 06:17:45',NULL,'2026-02-26 06:17:45','2026-02-26 06:17:45'),(462,463,'cor','netto',2,96,2.59,'2026-02-26 06:17:45',NULL,'2026-02-26 06:17:45','2026-02-26 06:17:45'),(463,464,'cor','netto',2,86,2.59,'2026-02-26 06:17:45',NULL,'2026-02-26 06:17:45','2026-02-26 06:17:45'),(464,465,'cor','netto',2,32,2.59,'2026-02-26 06:17:45',NULL,'2026-02-26 06:17:45','2026-02-26 06:17:45'),(465,466,'cor','netto',4,2,62.29,'2026-02-26 06:17:45',NULL,'2026-02-26 06:17:45','2026-02-26 06:17:45'),(466,467,'cor','netto',1,48,0.36,'2026-02-26 06:17:45',NULL,'2026-02-26 06:17:45','2026-02-26 06:17:45'),(467,468,'cor','netto',2,7,2.42,'2026-02-26 06:18:36',NULL,'2026-02-26 06:18:36','2026-02-26 06:18:36'),(468,469,'cor','netto',2,7,2.42,'2026-02-26 06:18:36',NULL,'2026-02-26 06:18:36','2026-02-26 06:18:36'),(469,470,'cor','netto',2,7,2.42,'2026-02-26 06:18:36',NULL,'2026-02-26 06:18:36','2026-02-26 06:18:36'),(470,471,'cor','netto',1,160,1.36,'2026-02-26 06:18:36',NULL,'2026-02-26 06:18:36','2026-02-26 06:18:36'),(471,472,'cor','netto',2,40,0.89,'2026-02-26 06:18:36',NULL,'2026-02-26 06:18:36','2026-02-26 06:18:36'),(472,473,'cor','netto',2,40,0.89,'2026-02-26 06:18:37',NULL,'2026-02-26 06:18:37','2026-02-26 06:18:37'),(473,474,'cor','netto',2,100,0.89,'2026-02-26 06:18:37',NULL,'2026-02-26 06:18:37','2026-02-26 06:18:37'),(474,475,'cor','netto',2,22,0.89,'2026-02-26 06:18:37',NULL,'2026-02-26 06:18:37','2026-02-26 06:18:37'),(475,476,'cor','netto',1,22,1.20,'2026-02-26 06:18:37',NULL,'2026-02-26 06:18:37','2026-02-26 06:18:37'),(476,477,'cor','netto',1,36,1.31,'2026-02-26 06:18:37',NULL,'2026-02-26 06:18:37','2026-02-26 06:18:37'),(477,478,'cor','netto',1,90,1.31,'2026-02-26 06:18:37',NULL,'2026-02-26 06:18:37','2026-02-26 06:18:37'),(478,479,'cor','netto',1,108,1.31,'2026-02-26 06:18:37',NULL,'2026-02-26 06:18:37','2026-02-26 06:18:37'),(479,480,'cor','netto',2,44,1.70,'2026-02-26 06:18:37',NULL,'2026-02-26 06:18:37','2026-02-26 06:18:37'),(480,481,'cor','netto',2,16,1.70,'2026-02-26 06:18:37',NULL,'2026-02-26 06:18:37','2026-02-26 06:18:37'),(481,482,'cor','netto',2,19,1.70,'2026-02-26 06:18:37',NULL,'2026-02-26 06:18:37','2026-02-26 06:18:37'),(482,483,'cor','netto',2,100,2.59,'2026-02-26 06:18:37',NULL,'2026-02-26 06:18:37','2026-02-26 06:18:37'),(483,484,'cor','netto',2,80,2.59,'2026-02-26 06:18:37',NULL,'2026-02-26 06:18:37','2026-02-26 06:18:37'),(484,485,'cor','netto',3,3,8.63,'2026-02-26 06:18:37',NULL,'2026-02-26 06:18:37','2026-02-26 06:18:37'),(485,486,'cor','netto',3,15,8.63,'2026-02-26 06:18:37',NULL,'2026-02-26 06:18:37','2026-02-26 06:18:37'),(486,487,'cor','netto',3,8,8.63,'2026-02-26 06:18:37',NULL,'2026-02-26 06:18:37','2026-02-26 06:18:37'),(487,488,'cor','netto',1,68,2.00,'2026-02-26 06:18:37',NULL,'2026-02-26 06:18:37','2026-02-26 06:18:37'),(488,489,'cor','netto',1,76,2.00,'2026-02-26 06:18:37',NULL,'2026-02-26 06:18:37','2026-02-26 06:18:37'),(489,490,'cor','netto',1,112,2.00,'2026-02-26 06:18:37',NULL,'2026-02-26 06:18:37','2026-02-26 06:18:37'),(490,491,'cor','netto',1,12,1.83,'2026-02-26 06:18:37',NULL,'2026-02-26 06:18:37','2026-02-26 06:18:37'),(491,492,'cor','netto',1,112,1.83,'2026-02-26 06:18:37',NULL,'2026-02-26 06:18:37','2026-02-26 06:18:37'),(492,493,'cor','netto',1,108,1.83,'2026-02-26 06:18:37',NULL,'2026-02-26 06:18:37','2026-02-26 06:18:37'),(493,494,'cor','netto',1,20,1.83,'2026-02-26 06:18:37',NULL,'2026-02-26 06:18:37','2026-02-26 06:18:37'),(494,495,'cor','netto',3,12,22.52,'2026-02-26 06:18:37',NULL,'2026-02-26 06:18:37','2026-02-26 06:18:37'),(495,496,'cor','netto',2,68,2.93,'2026-02-26 06:18:37',NULL,'2026-02-26 06:18:37','2026-02-26 06:18:37'),(496,497,'cor','netto',2,82,2.93,'2026-02-26 06:18:37',NULL,'2026-02-26 06:18:37','2026-02-26 06:18:37'),(497,498,'cor','netto',2,4,2.93,'2026-02-26 06:18:37',NULL,'2026-02-26 06:18:37','2026-02-26 06:18:37'),(498,499,'cor','netto',2,92,2.59,'2026-02-26 06:18:37',NULL,'2026-02-26 06:18:37','2026-02-26 06:18:37'),(499,500,'cor','netto',2,84,2.59,'2026-02-26 06:18:37',NULL,'2026-02-26 06:18:37','2026-02-26 06:18:37'),(500,501,'cor','netto',2,46,2.59,'2026-02-26 06:18:37',NULL,'2026-02-26 06:18:37','2026-02-26 06:18:37'),(501,502,'cor','netto',2,72,2.59,'2026-02-26 06:18:37',NULL,'2026-02-26 06:18:37','2026-02-26 06:18:37'),(502,503,'cor','netto',2,106,2.59,'2026-02-26 06:18:38',NULL,'2026-02-26 06:18:38','2026-02-26 06:18:38'),(503,504,'cor','netto',4,3,62.29,'2026-02-26 06:18:38',NULL,'2026-02-26 06:18:38','2026-02-26 06:18:38'),(504,505,'cor','netto',3,4,22.52,'2026-02-26 06:18:38',NULL,'2026-02-26 06:18:38','2026-02-26 06:18:38'),(505,506,'cor','netto',4,3,40.04,'2026-02-26 06:19:15',NULL,'2026-02-26 06:19:15','2026-02-26 06:19:15'),(506,507,'cor','netto',2,14,2.42,'2026-02-26 06:19:15',NULL,'2026-02-26 06:19:15','2026-02-26 06:19:15'),(507,508,'cor','netto',2,14,2.42,'2026-02-26 06:19:15',NULL,'2026-02-26 06:19:15','2026-02-26 06:19:15'),(508,509,'cor','netto',2,7,2.42,'2026-02-26 06:19:15',NULL,'2026-02-26 06:19:15','2026-02-26 06:19:15'),(509,510,'cor','netto',2,7,2.42,'2026-02-26 06:19:15',NULL,'2026-02-26 06:19:15','2026-02-26 06:19:15'),(510,511,'cor','netto',2,49,2.42,'2026-02-26 06:19:15',NULL,'2026-02-26 06:19:15','2026-02-26 06:19:15'),(511,512,'cor','netto',3,10,12.43,'2026-02-26 06:19:15',NULL,'2026-02-26 06:19:15','2026-02-26 06:19:15'),(512,513,'cor','netto',1,72,1.31,'2026-02-26 06:19:15',NULL,'2026-02-26 06:19:15','2026-02-26 06:19:15'),(513,514,'cor','netto',1,108,1.31,'2026-02-26 06:19:15',NULL,'2026-02-26 06:19:15','2026-02-26 06:19:15'),(514,515,'cor','netto',1,20,1.85,'2026-02-26 06:19:16',NULL,'2026-02-26 06:19:16','2026-02-26 06:19:16'),(515,516,'cor','netto',1,52,1.85,'2026-02-26 06:19:16',NULL,'2026-02-26 06:19:16','2026-02-26 06:19:16'),(516,517,'cor','netto',2,24,3.11,'2026-02-26 06:19:16',NULL,'2026-02-26 06:19:16','2026-02-26 06:19:16'),(517,518,'cor','netto',2,64,2.93,'2026-02-26 06:19:16',NULL,'2026-02-26 06:19:16','2026-02-26 06:19:16'),(518,519,'cor','netto',2,76,2.93,'2026-02-26 06:19:16',NULL,'2026-02-26 06:19:16','2026-02-26 06:19:16'),(519,520,'cor','netto',2,58,2.93,'2026-02-26 06:19:16',NULL,'2026-02-26 06:19:16','2026-02-26 06:19:16'),(520,521,'cor','netto',1,40,1.83,'2026-02-26 06:19:16',NULL,'2026-02-26 06:19:16','2026-02-26 06:19:16'),(521,522,'cor','netto',1,56,1.83,'2026-02-26 06:19:16',NULL,'2026-02-26 06:19:16','2026-02-26 06:19:16'),(522,523,'cor','netto',1,56,1.83,'2026-02-26 06:19:16',NULL,'2026-02-26 06:19:16','2026-02-26 06:19:16'),(523,524,'cor','netto',1,68,1.83,'2026-02-26 06:19:16',NULL,'2026-02-26 06:19:16','2026-02-26 06:19:16'),(524,525,'cor','netto',1,72,1.83,'2026-02-26 06:19:16',NULL,'2026-02-26 06:19:16','2026-02-26 06:19:16'),(525,526,'cor','netto',3,16,9.58,'2026-02-26 06:19:16',NULL,'2026-02-26 06:19:16','2026-02-26 06:19:16'),(526,527,'cor','netto',3,11,9.58,'2026-02-26 06:19:16',NULL,'2026-02-26 06:19:16','2026-02-26 06:19:16'),(527,528,'cor','netto',3,13,9.58,'2026-02-26 06:19:16',NULL,'2026-02-26 06:19:16','2026-02-26 06:19:16'),(528,529,'cor','netto',3,10,9.58,'2026-02-26 06:19:16',NULL,'2026-02-26 06:19:16','2026-02-26 06:19:16'),(529,530,'cor','netto',3,6,9.58,'2026-02-26 06:19:16',NULL,'2026-02-26 06:19:16','2026-02-26 06:19:16'),(530,531,'cor','netto',1,172,1.37,'2026-02-26 06:21:43',NULL,'2026-02-26 06:21:43','2026-02-26 06:21:43'),(531,532,'cor','netto',1,152,1.37,'2026-02-26 06:21:43',NULL,'2026-02-26 06:21:43','2026-02-26 06:21:43'),(532,533,'cor','netto',1,172,1.37,'2026-02-26 06:21:43',NULL,'2026-02-26 06:21:43','2026-02-26 06:21:43'),(533,534,'cor','netto',1,172,1.37,'2026-02-26 06:21:43',NULL,'2026-02-26 06:21:43','2026-02-26 06:21:43'),(534,535,'cor','netto',1,80,1.36,'2026-02-26 06:22:23',NULL,'2026-02-26 06:22:23','2026-02-26 06:22:23'),(535,536,'cor','netto',2,40,0.89,'2026-02-26 06:22:23',NULL,'2026-02-26 06:22:23','2026-02-26 06:22:23'),(536,537,'cor','netto',2,24,0.77,'2026-02-26 06:22:23',NULL,'2026-02-26 06:22:23','2026-02-26 06:22:23'),(537,538,'cor','netto',2,72,0.77,'2026-02-26 06:22:23',NULL,'2026-02-26 06:22:23','2026-02-26 06:22:23'),(538,539,'cor','netto',2,48,0.77,'2026-02-26 06:22:23',NULL,'2026-02-26 06:22:23','2026-02-26 06:22:23'),(539,540,'cor','netto',2,48,0.77,'2026-02-26 06:22:23',NULL,'2026-02-26 06:22:23','2026-02-26 06:22:23'),(540,541,'cor','netto',2,48,0.77,'2026-02-26 06:22:23',NULL,'2026-02-26 06:22:23','2026-02-26 06:22:23'),(541,542,'cor','netto',2,48,0.77,'2026-02-26 06:22:23',NULL,'2026-02-26 06:22:23','2026-02-26 06:22:23'),(542,543,'cor','netto',2,42,2.37,'2026-02-26 06:22:23',NULL,'2026-02-26 06:22:23','2026-02-26 06:22:23'),(543,544,'cor','netto',1,36,1.31,'2026-02-26 06:22:23',NULL,'2026-02-26 06:22:23','2026-02-26 06:22:23'),(544,545,'cor','netto',2,144,0.77,'2026-02-26 06:22:23',NULL,'2026-02-26 06:22:23','2026-02-26 06:22:23'),(545,546,'cor','netto',1,168,1.37,'2026-02-26 06:22:23',NULL,'2026-02-26 06:22:23','2026-02-26 06:22:23'),(546,547,'cor','netto',1,92,1.37,'2026-02-26 06:22:23',NULL,'2026-02-26 06:22:23','2026-02-26 06:22:23'),(547,548,'cor','netto',1,16,1.37,'2026-02-26 06:22:23',NULL,'2026-02-26 06:22:23','2026-02-26 06:22:23'),(548,549,'cor','netto',1,20,2.46,'2026-02-26 06:22:23',NULL,'2026-02-26 06:22:23','2026-02-26 06:22:23'),(549,550,'cor','netto',1,12,2.46,'2026-02-26 06:22:23',NULL,'2026-02-26 06:22:23','2026-02-26 06:22:23'),(550,551,'cor','netto',1,80,2.46,'2026-02-26 06:22:23',NULL,'2026-02-26 06:22:23','2026-02-26 06:22:23'),(551,552,'cor','netto',1,60,1.16,'2026-02-26 06:22:23',NULL,'2026-02-26 06:22:23','2026-02-26 06:22:23'),(552,553,'cor','netto',3,14,12.31,'2026-02-26 06:22:23',NULL,'2026-02-26 06:22:23','2026-02-26 06:22:23'),(553,554,'cor','netto',3,15,8.56,'2026-02-26 06:22:23',NULL,'2026-02-26 06:22:23','2026-02-26 06:22:23'),(554,555,'cor','netto',3,2,15.19,'2026-02-26 06:22:23',NULL,'2026-02-26 06:22:23','2026-02-26 06:22:23'),(555,556,'cor','netto',3,7,15.19,'2026-02-26 06:22:23',NULL,'2026-02-26 06:22:23','2026-02-26 06:22:23'),(556,557,'cor','netto',3,7,15.19,'2026-02-26 06:22:23',NULL,'2026-02-26 06:22:23','2026-02-26 06:22:23'),(557,558,'cor','netto',1,100,2.19,'2026-02-26 06:22:24',NULL,'2026-02-26 06:22:24','2026-02-26 06:22:24'),(558,559,'cor','netto',1,60,2.19,'2026-02-26 06:22:24',NULL,'2026-02-26 06:22:24','2026-02-26 06:22:24'),(559,560,'cor','netto',1,56,0.96,'2026-02-26 06:22:24',NULL,'2026-02-26 06:22:24','2026-02-26 06:22:24'),(560,561,'cor','netto',1,56,0.66,'2026-02-26 06:22:24',NULL,'2026-02-26 06:22:24','2026-02-26 06:22:24'),(561,562,'cor','netto',1,21,0.78,'2026-02-26 06:22:24',NULL,'2026-02-26 06:22:24','2026-02-26 06:22:24'),(562,563,'cor','netto',4,1,62.29,'2026-02-26 06:22:24',NULL,'2026-02-26 06:22:24','2026-02-26 06:22:24'),(563,564,'cor','netto',3,7,22.52,'2026-02-26 06:22:24',NULL,'2026-02-26 06:22:24','2026-02-26 06:22:24'),(564,565,'cor','netto',2,78,2.93,'2026-02-26 06:22:24',NULL,'2026-02-26 06:22:24','2026-02-26 06:22:24'),(565,566,'cor','netto',2,80,2.93,'2026-02-26 06:22:24',NULL,'2026-02-26 06:22:24','2026-02-26 06:22:24'),(566,567,'cor','netto',2,80,2.93,'2026-02-26 06:22:24',NULL,'2026-02-26 06:22:24','2026-02-26 06:22:24'),(567,568,'cor','netto',2,80,2.93,'2026-02-26 06:22:24',NULL,'2026-02-26 06:22:24','2026-02-26 06:22:24'),(568,569,'cor','netto',2,42,2.93,'2026-02-26 06:22:24',NULL,'2026-02-26 06:22:24','2026-02-26 06:22:24'),(569,570,'cor','netto',3,19,6.33,'2026-02-26 06:22:24',NULL,'2026-02-26 06:22:24','2026-02-26 06:22:24'),(570,571,'cor','netto',3,38,6.33,'2026-02-26 06:22:24',NULL,'2026-02-26 06:22:24','2026-02-26 06:22:24'),(571,572,'cor','netto',3,39,6.33,'2026-02-26 06:22:24',NULL,'2026-02-26 06:22:24','2026-02-26 06:22:24'),(572,573,'cor','netto',3,36,6.33,'2026-02-26 06:22:24',NULL,'2026-02-26 06:22:24','2026-02-26 06:22:24'),(573,574,'cor','netto',3,28,6.33,'2026-02-26 06:22:24',NULL,'2026-02-26 06:22:24','2026-02-26 06:22:24'),(574,575,'cor','netto',2,54,4.03,'2026-02-26 06:23:11',NULL,'2026-02-26 06:23:11','2026-02-26 06:23:11'),(575,576,'cor','netto',2,24,4.03,'2026-02-26 06:23:11',NULL,'2026-02-26 06:23:11','2026-02-26 06:23:11'),(576,577,'cor','netto',2,68,4.03,'2026-02-26 06:23:11',NULL,'2026-02-26 06:23:11','2026-02-26 06:23:11'),(577,578,'cor','netto',2,44,4.03,'2026-02-26 06:23:11',NULL,'2026-02-26 06:23:11','2026-02-26 06:23:11'),(578,579,'cor','netto',2,74,4.03,'2026-02-26 06:23:11',NULL,'2026-02-26 06:23:11','2026-02-26 06:23:11'),(579,580,'cor','netto',2,14,2.42,'2026-02-26 06:23:11',NULL,'2026-02-26 06:23:11','2026-02-26 06:23:11'),(580,581,'cor','netto',2,120,0.77,'2026-02-26 06:23:11',NULL,'2026-02-26 06:23:11','2026-02-26 06:23:11'),(581,582,'cor','netto',2,14,2.37,'2026-02-26 06:23:11',NULL,'2026-02-26 06:23:11','2026-02-26 06:23:11'),(582,583,'cor','netto',2,28,2.37,'2026-02-26 06:23:11',NULL,'2026-02-26 06:23:11','2026-02-26 06:23:11'),(583,584,'cor','netto',2,42,2.37,'2026-02-26 06:23:11',NULL,'2026-02-26 06:23:11','2026-02-26 06:23:11'),(584,585,'cor','netto',2,49,2.37,'2026-02-26 06:23:11',NULL,'2026-02-26 06:23:11','2026-02-26 06:23:11'),(585,586,'cor','netto',1,28,0.69,'2026-02-26 06:23:11',NULL,'2026-02-26 06:23:11','2026-02-26 06:23:11'),(586,587,'cor','netto',2,24,4.04,'2026-02-26 06:23:11',NULL,'2026-02-26 06:23:11','2026-02-26 06:23:11'),(587,588,'cor','netto',2,48,4.04,'2026-02-26 06:23:11',NULL,'2026-02-26 06:23:11','2026-02-26 06:23:11'),(588,589,'cor','netto',2,57,4.04,'2026-02-26 06:23:11',NULL,'2026-02-26 06:23:11','2026-02-26 06:23:11'),(589,590,'cor','netto',3,31,6.33,'2026-02-26 06:23:11',NULL,'2026-02-26 06:23:11','2026-02-26 06:23:11'),(590,591,'cor','netto',3,18,6.33,'2026-02-26 06:23:12',NULL,'2026-02-26 06:23:12','2026-02-26 06:23:12'),(591,592,'cor','netto',1,96,0.78,'2026-02-26 06:23:12',NULL,'2026-02-26 06:23:12','2026-02-26 06:23:12'),(592,593,'cor','netto',3,10,6.33,'2026-02-26 06:23:12',NULL,'2026-02-26 06:23:12','2026-02-26 06:23:12'),(593,594,'cor','netto',3,10,22.52,'2026-02-26 06:23:12',NULL,'2026-02-26 06:23:12','2026-02-26 06:23:12'),(594,595,'cor','netto',3,4,6.59,'2026-02-26 06:23:12',NULL,'2026-02-26 06:23:12','2026-02-26 06:23:12'),(595,596,'cor','netto',3,31,6.59,'2026-02-26 06:23:12',NULL,'2026-02-26 06:23:12','2026-02-26 06:23:12'),(596,597,'cor','netto',3,5,6.59,'2026-02-26 06:23:12',NULL,'2026-02-26 06:23:12','2026-02-26 06:23:12'),(597,598,'cor','netto',3,4,7.22,'2026-02-26 06:23:12',NULL,'2026-02-26 06:23:12','2026-02-26 06:23:12'),(598,599,'cor','netto',2,33,5.06,'2026-02-26 06:23:12',NULL,'2026-02-26 06:23:12','2026-02-26 06:23:12'),(599,600,'cor','netto',2,10,5.06,'2026-02-26 06:23:12',NULL,'2026-02-26 06:23:12','2026-02-26 06:23:12'),(600,601,'cor','netto',1,90,2.11,'2026-02-26 06:23:12',NULL,'2026-02-26 06:23:12','2026-02-26 06:23:12'),(601,602,'cor','netto',1,90,2.11,'2026-02-26 06:23:12',NULL,'2026-02-26 06:23:12','2026-02-26 06:23:12'),(602,603,'cor','netto',1,28,2.11,'2026-02-26 06:23:12',NULL,'2026-02-26 06:23:12','2026-02-26 06:23:12'),(603,604,'cor','netto',1,92,2.11,'2026-02-26 06:23:12',NULL,'2026-02-26 06:23:12','2026-02-26 06:23:12'),(604,605,'cor','netto',3,20,7.22,'2026-02-26 06:23:12',NULL,'2026-02-26 06:23:12','2026-02-26 06:23:12'),(605,606,'cor','netto',2,28,5.49,'2026-02-26 06:23:12',NULL,'2026-02-26 06:23:12','2026-02-26 06:23:12'),(606,607,'cor','netto',2,8,5.49,'2026-02-26 06:23:12',NULL,'2026-02-26 06:23:12','2026-02-26 06:23:12'),(607,608,'cor','netto',2,68,4.03,'2026-02-26 06:24:09',NULL,'2026-02-26 06:24:09','2026-02-26 06:24:09'),(608,609,'cor','netto',2,44,4.03,'2026-02-26 06:24:09',NULL,'2026-02-26 06:24:09','2026-02-26 06:24:09'),(609,610,'cor','netto',2,62,4.03,'2026-02-26 06:24:09',NULL,'2026-02-26 06:24:09','2026-02-26 06:24:09'),(610,611,'cor','netto',2,12,4.03,'2026-02-26 06:24:09',NULL,'2026-02-26 06:24:09','2026-02-26 06:24:09'),(611,612,'cor','netto',2,56,4.03,'2026-02-26 06:24:09',NULL,'2026-02-26 06:24:09','2026-02-26 06:24:09'),(612,613,'cor','netto',2,56,4.03,'2026-02-26 06:24:09',NULL,'2026-02-26 06:24:09','2026-02-26 06:24:09'),(613,614,'cor','netto',2,40,4.03,'2026-02-26 06:24:09',NULL,'2026-02-26 06:24:09','2026-02-26 06:24:09'),(614,615,'cor','netto',1,60,0.31,'2026-02-26 06:24:09',NULL,'2026-02-26 06:24:09','2026-02-26 06:24:09'),(615,616,'cor','netto',1,22,1.36,'2026-02-26 06:24:09',NULL,'2026-02-26 06:24:09','2026-02-26 06:24:09'),(616,617,'cor','netto',2,7,2.37,'2026-02-26 06:24:09',NULL,'2026-02-26 06:24:09','2026-02-26 06:24:09'),(617,618,'cor','netto',2,14,2.37,'2026-02-26 06:24:09',NULL,'2026-02-26 06:24:09','2026-02-26 06:24:09'),(618,619,'cor','netto',1,64,1.36,'2026-02-26 06:24:09',NULL,'2026-02-26 06:24:09','2026-02-26 06:24:09'),(619,620,'cor','netto',2,14,2.37,'2026-02-26 06:24:09',NULL,'2026-02-26 06:24:09','2026-02-26 06:24:09'),(620,621,'cor','netto',1,64,1.36,'2026-02-26 06:24:09',NULL,'2026-02-26 06:24:09','2026-02-26 06:24:09'),(621,622,'cor','netto',2,42,2.37,'2026-02-26 06:24:09',NULL,'2026-02-26 06:24:09','2026-02-26 06:24:09'),(622,623,'cor','netto',2,28,2.37,'2026-02-26 06:24:09',NULL,'2026-02-26 06:24:09','2026-02-26 06:24:09'),(623,624,'cor','netto',1,48,1.36,'2026-02-26 06:24:09',NULL,'2026-02-26 06:24:09','2026-02-26 06:24:09'),(624,625,'cor','netto',3,7,15.19,'2026-02-26 06:24:09',NULL,'2026-02-26 06:24:09','2026-02-26 06:24:09'),(625,626,'cor','netto',3,8,15.19,'2026-02-26 06:24:09',NULL,'2026-02-26 06:24:09','2026-02-26 06:24:09'),(626,627,'cor','netto',3,28,5.18,'2026-02-26 06:24:09',NULL,'2026-02-26 06:24:09','2026-02-26 06:24:09'),(627,628,'cor','netto',3,30,5.18,'2026-02-26 06:24:09',NULL,'2026-02-26 06:24:09','2026-02-26 06:24:09'),(628,629,'cor','netto',2,25,5.06,'2026-02-26 06:24:09',NULL,'2026-02-26 06:24:09','2026-02-26 06:24:09'),(629,630,'cor','netto',2,20,5.06,'2026-02-26 06:24:09',NULL,'2026-02-26 06:24:09','2026-02-26 06:24:09'),(630,631,'cor','netto',2,37,5.06,'2026-02-26 06:24:09',NULL,'2026-02-26 06:24:09','2026-02-26 06:24:09'),(631,632,'cor','netto',2,28,5.06,'2026-02-26 06:24:09',NULL,'2026-02-26 06:24:09','2026-02-26 06:24:09'),(632,633,'cor','netto',2,26,5.06,'2026-02-26 06:24:09',NULL,'2026-02-26 06:24:09','2026-02-26 06:24:09'),(633,634,'cor','netto',2,27,5.06,'2026-02-26 06:24:09',NULL,'2026-02-26 06:24:09','2026-02-26 06:24:09'),(634,635,'cor','netto',2,41,5.06,'2026-02-26 06:24:09',NULL,'2026-02-26 06:24:09','2026-02-26 06:24:09'),(635,636,'cor','netto',2,6,5.06,'2026-02-26 06:24:09',NULL,'2026-02-26 06:24:09','2026-02-26 06:24:09'),(636,637,'cor','netto',3,11,22.52,'2026-02-26 06:24:09',NULL,'2026-02-26 06:24:09','2026-02-26 06:24:09'),(637,638,'cor','netto',1,60,1.16,'2026-02-26 06:24:09',NULL,'2026-02-26 06:24:09','2026-02-26 06:24:09'),(638,639,'cor','netto',1,28,2.69,'2026-02-26 06:24:09',NULL,'2026-02-26 06:24:09','2026-02-26 06:24:09'),(639,640,'cor','netto',1,36,2.69,'2026-02-26 06:24:09',NULL,'2026-02-26 06:24:09','2026-02-26 06:24:09'),(640,641,'cor','netto',1,64,0.58,'2026-02-26 06:24:10',NULL,'2026-02-26 06:24:10','2026-02-26 06:24:10'),(641,642,'cor','netto',2,48,5.06,'2026-02-26 06:24:10',NULL,'2026-02-26 06:24:10','2026-02-26 06:24:10'),(642,643,'cor','netto',2,42,5.06,'2026-02-26 06:24:10',NULL,'2026-02-26 06:24:10','2026-02-26 06:24:10'),(643,644,'cor','netto',2,46,5.06,'2026-02-26 06:24:10',NULL,'2026-02-26 06:24:10','2026-02-26 06:24:10'),(644,645,'cor','netto',2,15,5.06,'2026-02-26 06:24:10',NULL,'2026-02-26 06:24:10','2026-02-26 06:24:10');
/*!40000 ALTER TABLE `production_histories` ENABLE KEYS */;
UNLOCK TABLES;

--
-- Table structure for table `production_items`
--

DROP TABLE IF EXISTS `production_items`;
/*!40101 SET @saved_cs_client     = @@character_set_client */;
/*!50503 SET character_set_client = utf8mb4 */;
CREATE TABLE `production_items` (
  `id` bigint unsigned NOT NULL AUTO_INCREMENT,
  `plan_id` bigint unsigned DEFAULT NULL,
  `code` varchar(255) CHARACTER SET utf8mb4 COLLATE utf8mb4_unicode_ci DEFAULT NULL,
  `item_code` varchar(255) CHARACTER SET utf8mb4 COLLATE utf8mb4_unicode_ci DEFAULT NULL,
  `heat_number` varchar(255) CHARACTER SET utf8mb4 COLLATE utf8mb4_unicode_ci DEFAULT NULL,
  `item_name` varchar(255) CHARACTER SET utf8mb4 COLLATE utf8mb4_unicode_ci NOT NULL,
  `aisi` varchar(255) CHARACTER SET utf8mb4 COLLATE utf8mb4_unicode_ci DEFAULT NULL,
  `size` varchar(255) CHARACTER SET utf8mb4 COLLATE utf8mb4_unicode_ci DEFAULT NULL,
  `qty_pcs` int NOT NULL,
  `scrap_qty` int NOT NULL DEFAULT '0',
  `weight_kg` decimal(10,2) DEFAULT NULL,
  `bruto_weight` decimal(10,2) DEFAULT NULL,
  `netto_weight` decimal(10,2) DEFAULT NULL,
  `bubut_weight` decimal(10,2) DEFAULT NULL,
  `finish_weight` decimal(10,2) DEFAULT NULL,
  `po_number` varchar(255) CHARACTER SET utf8mb4 COLLATE utf8mb4_unicode_ci DEFAULT NULL,
  `customer` varchar(255) CHARACTER SET utf8mb4 COLLATE utf8mb4_unicode_ci DEFAULT NULL,
  `current_dept` enum('cor','netto','bubut_od','bubut_cnc','bor','finish') CHARACTER SET utf8mb4 COLLATE utf8mb4_unicode_ci NOT NULL,
  `line_number` tinyint DEFAULT NULL,
  `dept_entry_at` datetime NOT NULL,
  `production_date` date DEFAULT NULL,
  `remarks` text CHARACTER SET utf8mb4 COLLATE utf8mb4_unicode_ci,
  `created_at` timestamp NULL DEFAULT NULL,
  `updated_at` timestamp NULL DEFAULT NULL,
  PRIMARY KEY (`id`),
  KEY `production_items_plan_id_foreign` (`plan_id`),
  CONSTRAINT `production_items_plan_id_foreign` FOREIGN KEY (`plan_id`) REFERENCES `production_plans` (`id`) ON DELETE SET NULL
) ENGINE=InnoDB AUTO_INCREMENT=646 DEFAULT CHARSET=utf8mb4 COLLATE=utf8mb4_unicode_ci;
/*!40101 SET character_set_client = @saved_cs_client */;

--
-- Dumping data for table `production_items`
--

LOCK TABLES `production_items` WRITE;
/*!40000 ALTER TABLE `production_items` DISABLE KEYS */;
INSERT INTO `production_items` VALUES (2,NULL,'IL302','4.1011ENPN16IL.D0500','A201022608','SS304 PN 16 DN 500',NULL,NULL,0,1,61.87,NULL,NULL,NULL,61.87,NULL,'E01','netto',4,'2026-02-13 06:08:24','2026-02-01',NULL,'2026-02-12 23:08:24','2026-02-12 23:38:25'),(3,NULL,'IL302','4.1011ENPN16IL.D0500','A201022609','SS304 PN 16 DN 500',NULL,NULL,0,0,61.87,NULL,NULL,NULL,61.87,NULL,'E01','netto',4,'2026-02-13 06:08:24','2026-02-01',NULL,'2026-02-12 23:08:24','2026-02-12 23:42:36'),(4,NULL,'UN09','4.101110KID.A0100','A201022601','SS304 JIS 10K ID116.1 4\"',NULL,NULL,0,0,3.09,NULL,NULL,NULL,3.09,NULL,'A02','netto',2,'2026-02-13 06:08:24','2026-02-01',NULL,'2026-02-12 22:48:26','2026-02-13 00:15:37'),(5,NULL,'UN09','4.101110KID.A0100','A201022602','SS304 JIS 10K ID116.1 4\"',NULL,NULL,60,0,3.09,NULL,NULL,NULL,3.09,NULL,'A02','netto',2,'2026-02-13 06:08:24','2026-02-01',NULL,'2026-02-12 22:48:27','2026-02-12 23:08:24'),(6,NULL,'UN09','4.101110KID.A0100','A201022603','SS304 JIS 10K ID116.1 4\"',NULL,NULL,76,0,3.09,NULL,NULL,NULL,3.09,NULL,'A02','netto',2,'2026-02-13 06:08:24','2026-02-01',NULL,'2026-02-12 22:48:28','2026-02-12 23:08:24'),(7,NULL,'UN09','4.101110KID.A0100','A201022604','SS304 JIS 10K ID116.1 4\"',NULL,NULL,40,0,3.09,NULL,NULL,NULL,3.09,NULL,'A02','netto',2,'2026-02-13 06:08:24','2026-02-01',NULL,'2026-02-12 22:48:29','2026-02-12 23:08:24'),(8,NULL,'UN07','4.101110KID.A0065','A201022606','SS304 JIS 10K ID74.7 2-1/2\"',NULL,NULL,78,0,2.63,176.59,NULL,NULL,2.63,NULL,'A02','netto',2,'2026-02-13 06:08:24','2026-02-01',NULL,'2026-02-12 22:48:30','2026-02-19 02:40:15'),(9,NULL,'UN07','4.101110KID.A0065','A201022607','SS304 JIS 10K ID74.7 2-1/2\"',NULL,NULL,88,0,2.63,NULL,NULL,NULL,2.63,NULL,'A02','netto',2,'2026-02-13 06:08:24','2026-02-01',NULL,'2026-02-12 22:48:31','2026-02-12 23:08:24'),(10,NULL,'UN07','4.101110KID.A0065','A201022608','SS304 JIS 10K ID74.7 2-1/2\"',NULL,NULL,42,0,2.63,NULL,NULL,NULL,2.63,NULL,'A02','netto',2,'2026-02-13 06:08:24','2026-02-01',NULL,'2026-02-12 22:48:32','2026-02-12 23:08:24'),(11,NULL,'UN07','4.101110KID.A0065','A201022609','SS304 JIS 10K ID74.7 2-1/2\"',NULL,NULL,22,0,2.63,NULL,NULL,NULL,2.63,NULL,'A02','netto',2,'2026-02-13 06:08:24','2026-02-01',NULL,'2026-02-12 22:48:33','2026-02-12 23:08:24'),(12,NULL,'UN22','4.1041DINPN16ID.A0065','A201022602','SS304 RAISED DIN 2501 PN 16 ID74.7 2-1/2\"',NULL,NULL,0,7,2.72,NULL,NULL,NULL,2.72,NULL,'A02','netto',2,'2026-02-13 06:08:24','2026-02-01',NULL,'2026-02-12 22:48:34','2026-02-13 17:39:00'),(13,NULL,'UN22','4.1041DINPN16ID.A0065','A201022604','SS304 RAISED DIN 2501 PN 16 ID74.7 2-1/2\"',NULL,NULL,58,0,2.72,NULL,NULL,NULL,2.72,NULL,'A02','netto',2,'2026-02-13 06:08:24','2026-02-01',NULL,'2026-02-12 22:48:35','2026-02-12 23:08:24'),(14,NULL,'UN22','4.1041DINPN16ID.A0065','A201022605','SS304 RAISED DIN 2501 PN 16 ID74.7 2-1/2\"',NULL,NULL,100,0,2.72,NULL,NULL,NULL,2.72,NULL,'A02','netto',2,'2026-02-13 06:08:24','2026-02-01',NULL,'2026-02-12 22:48:36','2026-02-12 23:08:24'),(15,NULL,'UN22','4.1041DINPN16ID.A0065','A201022606','SS304 RAISED DIN 2501 PN 16 ID74.7 2-1/2\"',NULL,NULL,10,0,2.72,23.41,NULL,NULL,2.72,NULL,'A02','netto',2,'2026-02-13 06:08:24','2026-02-01',NULL,'2026-02-12 22:48:37','2026-02-19 02:40:15'),(16,NULL,'IL302','4.1011ENPN16IL.D0500','A201022608','SS304 PN 16 DN 500',NULL,NULL,1,0,61.87,NULL,NULL,NULL,61.87,NULL,'E01','bubut_od',4,'2026-02-13 06:38:25','2026-02-05',NULL,'2026-02-12 23:38:25','2026-02-12 23:38:25'),(17,NULL,'IL302','4.1011ENPN16IL.D0500','A201022609','SS304 PN 16 DN 500',NULL,NULL,4,0,61.87,NULL,NULL,NULL,61.87,NULL,'E01','bubut_od',4,'2026-02-13 06:42:36','2026-02-05',NULL,'2026-02-12 23:42:36','2026-02-12 23:42:36'),(19,NULL,'UN09','4.101110KID.A0100','A201022601','SS304 JIS 10K ID116.1 4\"',NULL,NULL,76,0,3.09,NULL,NULL,NULL,3.09,NULL,'A02','bubut_od',2,'2026-02-13 07:15:37','2026-02-11',NULL,'2026-02-13 00:15:37','2026-02-13 00:15:37'),(20,NULL,'IL301','4.1011ENPN16IL.D0450','A202022609','SS304 PN 16 DN 450',NULL,NULL,4,0,46.60,NULL,NULL,NULL,46.60,NULL,'E01','netto',4,'2026-02-13 09:37:12','2026-02-02',NULL,'2026-02-13 02:37:12','2026-02-13 02:37:12'),(21,NULL,'IL304','4.1011ENPN10IL.D0600','A202022609','SS304 PN 10 DN 600',NULL,NULL,2,0,47.16,NULL,NULL,NULL,47.16,NULL,'E01','netto',4,'2026-02-13 09:37:12','2026-02-02',NULL,'2026-02-13 02:37:12','2026-02-13 02:37:12'),(22,NULL,'ILB225','4.1021ENPN16ILRED.D0015','A402022601','SS304 REDUCED PN 16 T10 DN 15',NULL,NULL,64,0,0.48,NULL,NULL,NULL,0.48,NULL,'E01','netto',1,'2026-02-13 09:37:12','2026-02-02',NULL,'2026-02-13 02:37:12','2026-02-13 02:37:12'),(23,NULL,'ILB275','4.1021ENPN16ILRED.D0040','A402022601','SS304 REDUCED PN 16 T10 DN 40',NULL,NULL,48,0,1.17,NULL,NULL,NULL,1.17,NULL,'E01','netto',1,'2026-02-13 09:37:12','2026-02-02',NULL,'2026-02-13 02:37:12','2026-02-13 02:37:12'),(24,NULL,'ILB227','4.1021ENPN16ILRED.D0050','A402022602','SS304 REDUCED PN 16 T10 DN 50',NULL,NULL,16,0,1.38,NULL,NULL,NULL,1.38,NULL,'E01','netto',1,'2026-02-13 09:37:12','2026-02-02',NULL,'2026-02-13 02:37:12','2026-02-13 02:37:12'),(25,NULL,'ILB277','4.1021ENPN16ILRED.D0065','A402022603','SS304 REDUCED PN 16 T12 DN 65',NULL,NULL,20,0,2.01,NULL,NULL,NULL,2.01,NULL,'E01','netto',2,'2026-02-13 09:37:12','2026-02-02',NULL,'2026-02-12 22:48:38','2026-02-13 02:37:12'),(26,NULL,'ILB277','4.1021ENPN16ILRED.D0065','A402022604','SS304 REDUCED PN 16 T12 DN 65',NULL,NULL,20,0,2.01,NULL,NULL,NULL,2.01,NULL,'E01','netto',2,'2026-02-13 09:37:12','2026-02-02',NULL,'2026-02-12 22:48:39','2026-02-13 02:37:12'),(27,NULL,'ILB277','4.1021ENPN16ILRED.D0065','A402022605','SS304 REDUCED PN 16 T12 DN 65',NULL,NULL,20,0,2.01,NULL,NULL,NULL,2.01,NULL,'E01','netto',2,'2026-02-13 09:37:12','2026-02-02',NULL,'2026-02-12 22:48:40','2026-02-13 02:37:12'),(28,NULL,'ILB277','4.1021ENPN16ILRED.D0065','A402022606','SS304 REDUCED PN 16 T12 DN 65',NULL,NULL,10,0,2.01,NULL,NULL,NULL,2.01,NULL,'E01','netto',2,'2026-02-13 09:37:12','2026-02-02',NULL,'2026-02-12 22:48:41','2026-02-13 02:37:12'),(29,NULL,'ILB275','4.1021ENPN16ILRED.D0040','A402022606','SS304 REDUCED PN 16 T10 DN 40',NULL,NULL,12,0,1.17,NULL,NULL,NULL,1.17,NULL,'E01','netto',1,'2026-02-13 09:37:12','2026-02-02',NULL,'2026-02-13 02:37:12','2026-02-13 02:37:12'),(30,NULL,'ET488','4.1011UNIPN16.D0050','LA202022602','SS304 UNI 2278 PN 16 DN 50',NULL,NULL,80,0,2.48,NULL,NULL,NULL,2.48,NULL,'E02','netto',1,'2026-02-13 09:37:12','2026-02-02',NULL,'2026-02-13 02:37:12','2026-02-13 02:37:12'),(31,NULL,'ET488','4.1011UNIPN16.D0050','LA202022603','SS304 UNI 2278 PN 16 DN 50',NULL,NULL,112,0,2.48,NULL,NULL,NULL,2.48,NULL,'E02','netto',1,'2026-02-13 09:37:12','2026-02-02',NULL,'2026-02-13 02:37:12','2026-02-13 02:37:12'),(32,NULL,'ET488','4.1011UNIPN16.D0050','LA202022605','SS304 UNI 2278 PN 16 DN 50',NULL,NULL,80,0,2.48,NULL,NULL,NULL,2.48,NULL,'E02','netto',1,'2026-02-13 09:37:12','2026-02-02',NULL,'2026-02-13 02:37:12','2026-02-13 02:37:12'),(33,NULL,'ET488','4.1011UNIPN16.D0050','LA202022606','SS304 UNI 2278 PN 16 DN 50',NULL,NULL,108,0,2.48,NULL,NULL,NULL,2.48,NULL,'E02','netto',1,'2026-02-13 09:37:12','2026-02-02',NULL,'2026-02-13 02:37:12','2026-02-13 02:37:12'),(34,NULL,'ET488','4.1011UNIPN16.D0050','LA202022607','SS304 UNI 2278 PN 16 DN 50',NULL,NULL,88,0,2.48,NULL,NULL,NULL,2.48,NULL,'E02','netto',1,'2026-02-13 09:37:12','2026-02-02',NULL,'2026-02-13 02:37:12','2026-02-13 02:37:12'),(35,NULL,'ET488','4.1011UNIPN16.D0050','LA202022608','SS304 UNI 2278 PN 16 DN 50',NULL,NULL,72,0,2.48,NULL,NULL,NULL,2.48,NULL,'E02','netto',1,'2026-02-13 09:37:13','2026-02-02',NULL,'2026-02-13 02:37:13','2026-02-13 02:37:13'),(36,NULL,'ET488','4.1011UNIPN16.D0050','LA202022609','SS304 UNI 2278 PN 16 DN 50',NULL,NULL,4,0,2.48,NULL,NULL,NULL,2.48,NULL,'E02','netto',1,'2026-02-13 09:37:13','2026-02-02',NULL,'2026-02-13 02:37:13','2026-02-13 02:37:13'),(37,NULL,'ET508','4.1012UNIPN16.D0020','LP202022616','SS316 UNI 2278 PN 16 DN 20',NULL,NULL,80,0,0.83,NULL,NULL,NULL,0.83,NULL,'E02','netto',1,'2026-02-13 09:37:13','2026-02-02',NULL,'2026-02-13 02:37:13','2026-02-13 02:37:13'),(38,NULL,'CR08','4.1052UNIPN06.D0200','P202022611','SS316 BLIND UNI 6091 PN 6 DN 200',NULL,NULL,7,0,12.43,NULL,NULL,NULL,12.43,NULL,'E04','netto',3,'2026-02-13 09:37:13','2026-02-02',NULL,'2026-02-13 02:37:13','2026-02-13 02:37:13'),(39,NULL,'CR17','4.1012UNIPN06.D0065','P202022613','SS316 UNI 2276 PN 6 DN 65',NULL,NULL,28,0,1.65,NULL,NULL,NULL,1.65,NULL,'E04','netto',2,'2026-02-13 09:37:13','2026-02-02',NULL,'2026-02-12 22:48:42','2026-02-13 02:37:13'),(40,NULL,'CR17','4.1012UNIPN06.D0065','P202022614','SS316 UNI 2276 PN 6 DN 65',NULL,NULL,68,0,1.65,NULL,NULL,NULL,1.65,NULL,'E04','netto',2,'2026-02-13 09:37:13','2026-02-02',NULL,'2026-02-12 22:48:43','2026-02-13 02:37:13'),(41,NULL,'CR17','4.1012UNIPN06.D0065','P202022615','SS316 UNI 2276 PN 6 DN 65',NULL,NULL,24,0,1.65,NULL,NULL,NULL,1.65,NULL,'E04','netto',2,'2026-02-13 09:37:13','2026-02-02',NULL,'2026-02-12 22:48:44','2026-02-13 02:37:13'),(42,NULL,'CR18','4.1012UNIPN16.D0040','P202022611','SS316 UNI 2278 PN 16 DN 40',NULL,NULL,36,0,1.87,NULL,NULL,NULL,1.87,NULL,'E04','netto',1,'2026-02-13 09:37:13','2026-02-02',NULL,'2026-02-13 02:37:13','2026-02-13 02:37:13'),(43,NULL,'CR18','4.1012UNIPN16.D0040','P202022612','SS316 UNI 2278 PN 16 DN 40',NULL,NULL,116,0,1.87,NULL,NULL,NULL,1.87,NULL,'E04','netto',1,'2026-02-13 09:37:13','2026-02-02',NULL,'2026-02-13 02:37:13','2026-02-13 02:37:13'),(44,NULL,'CR18','4.1012UNIPN16.D0040','P202022613','SS316 UNI 2278 PN 16 DN 40',NULL,NULL,32,0,1.87,NULL,NULL,NULL,1.87,NULL,'E04','netto',1,'2026-02-13 09:37:13','2026-02-02',NULL,'2026-02-13 02:37:13','2026-02-13 02:37:13'),(45,NULL,'CR20','4.1012UNIPN16.D0300','P202022611','SS316 UNI 2278 PN 16 DN 300',NULL,NULL,5,0,19.50,NULL,NULL,NULL,19.50,NULL,'E04','netto',3,'2026-02-13 09:37:13','2026-02-02',NULL,'2026-02-13 02:37:13','2026-02-13 02:37:13'),(46,NULL,'CR21','4.1052UNIPN06.D0040','P202022614','SS316 BLIND UNI 6091 PN 6 DN 40',NULL,NULL,16,0,1.41,NULL,NULL,NULL,1.41,NULL,'E04','netto',1,'2026-02-13 09:37:13','2026-02-02',NULL,'2026-02-13 02:37:13','2026-02-13 02:37:13'),(47,NULL,'CR19','4.1012UNIPN16.D0065.NR4','P202022615','SS316 UNI 2278 PN 16 NR4 DN 65',NULL,NULL,44,0,3.03,NULL,NULL,NULL,3.03,NULL,'E04','netto',2,'2026-02-13 09:37:13','2026-02-02',NULL,'2026-02-12 22:48:45','2026-02-13 02:37:13'),(48,NULL,'CR19','4.1012UNIPN16.D0065.NR4','P202022616','SS316 UNI 2278 PN 16 NR4 DN 65',NULL,NULL,62,0,3.03,NULL,NULL,NULL,3.03,NULL,'E04','netto',2,'2026-02-13 09:37:13','2026-02-02',NULL,'2026-02-12 22:48:46','2026-02-13 02:37:13'),(49,NULL,'CR19','4.1012UNIPN16.D0065.NR4','P202022617','SS316 UNI 2278 PN 16 NR4 DN 65',NULL,NULL,14,0,3.03,NULL,NULL,NULL,3.03,NULL,'E04','netto',2,'2026-02-13 09:37:13','2026-02-02',NULL,'2026-02-12 22:48:47','2026-02-13 02:37:13'),(50,NULL,'S615','4.1041DINPN16.A0050','A202022604','SS304 RAISED DIN 2501 PN 16 2\"',NULL,NULL,128,0,2.19,NULL,NULL,NULL,2.19,NULL,'STOK NON PO','netto',1,'2026-02-13 09:37:13','2026-02-02',NULL,'2026-02-13 02:37:13','2026-02-13 02:37:13'),(51,NULL,'S624','4.1111150LB.A0025','A402022601','SS304 WNRF ANSI 150LBS SCH40 1\"',NULL,NULL,9,0,1.04,NULL,NULL,NULL,1.04,NULL,'STOK NON PO','netto',1,'2026-02-13 09:37:13','2026-02-02',NULL,'2026-02-13 02:37:13','2026-02-13 02:37:13'),(52,NULL,'S575','4.101210K.A0050','P202022618','SS316 JIS 10K 2\"',NULL,NULL,36,0,1.87,NULL,NULL,NULL,1.87,NULL,'STOK NON PO','netto',1,'2026-02-13 09:37:13','2026-02-02',NULL,'2026-02-13 02:37:13','2026-02-13 02:37:13'),(53,NULL,'S576','4.101210K.A0080','P202022618','SS316 JIS 10K 3\"',NULL,NULL,46,0,2.59,NULL,NULL,NULL,2.59,NULL,'STOK NON PO','netto',2,'2026-02-13 09:37:13','2026-02-02',NULL,'2026-02-12 22:48:48','2026-02-13 02:37:13'),(54,NULL,'S575','4.101210K.A0050','P202022619','SS316 JIS 10K 2\"',NULL,NULL,22,0,1.87,NULL,NULL,NULL,1.87,NULL,'STOK NON PO','netto',1,'2026-02-13 09:37:13','2026-02-02',NULL,'2026-02-13 02:37:13','2026-02-13 02:37:13'),(55,NULL,'S576','4.101210K.A0080','P202022617','SS316 JIS 10K 3\"',NULL,NULL,46,0,2.59,NULL,NULL,NULL,2.59,NULL,'STOK NON PO','netto',2,'2026-02-13 09:37:13','2026-02-02',NULL,'2026-02-12 22:48:49','2026-02-13 02:37:13'),(56,NULL,'UN07','4.101110KID.A0065','A202022601','SS304 JIS 10K ID74.7 2-1/2\"',NULL,NULL,92,0,2.63,NULL,NULL,NULL,2.63,NULL,'A02','netto',2,'2026-02-13 09:37:13','2026-02-02',NULL,'2026-02-12 22:48:50','2026-02-13 02:37:13'),(57,NULL,'UN07','4.101110KID.A0065','A202022602','SS304 JIS 10K ID74.7 2-1/2\"',NULL,NULL,22,0,2.63,NULL,NULL,NULL,2.63,NULL,'A02','netto',2,'2026-02-13 09:37:13','2026-02-02',NULL,'2026-02-12 22:48:51','2026-02-13 02:37:13'),(58,NULL,'UN32','4.1042DINPN16ID.A0040','P202022613','SS316 RAISED DIN 2501 PN 16 ID49.5 1-1/2\"',NULL,NULL,80,0,1.61,NULL,NULL,NULL,1.61,NULL,'A02','netto',1,'2026-02-13 09:37:13','2026-02-02',NULL,'2026-02-13 02:37:13','2026-02-13 02:37:13'),(59,NULL,'UN39','4.1062150LB.A0050','P202022611','SS316 BLIND RAISED ANSI 150LBS 2\"',NULL,NULL,24,0,2.45,NULL,NULL,NULL,2.45,NULL,'A02','netto',1,'2026-02-13 09:37:13','2026-02-02',NULL,'2026-02-13 02:37:13','2026-02-13 02:37:13'),(60,NULL,'UN34','4.1042DINPN16ID.A0150','P202022614','SS316 RAISED DIN 2501 PN 16 ID170.7 6\"',NULL,NULL,11,0,5.97,NULL,NULL,NULL,5.97,NULL,'A02','netto',3,'2026-02-13 09:37:13','2026-02-02',NULL,'2026-02-13 02:37:13','2026-02-13 02:37:13'),(61,NULL,'UN34','4.1042DINPN16ID.A0150','P202022615','SS316 RAISED DIN 2501 PN 16 ID170.7 6\"',NULL,NULL,4,0,5.97,NULL,NULL,NULL,5.97,NULL,'A02','netto',3,'2026-02-13 09:37:13','2026-02-02',NULL,'2026-02-13 02:37:13','2026-02-13 02:37:13'),(62,NULL,'ILB278','4.1021ENPN16ILRED.D0080','A203022602','SS304 REDUCED PN 16 T12 DN 80',NULL,NULL,0,3,2.18,NULL,NULL,NULL,2.18,NULL,'E01','netto',2,'2026-02-13 09:38:17','2026-02-03',NULL,'2026-02-12 22:48:25','2026-02-13 02:41:44'),(63,NULL,'ILB278','4.1021ENPN16ILRED.D0080','A203022603','SS304 REDUCED PN 16 T12 DN 80',NULL,NULL,0,2,2.18,NULL,NULL,NULL,2.18,NULL,'E01','netto',2,'2026-02-13 09:38:17','2026-02-03',NULL,'2026-02-12 22:48:24','2026-02-13 02:41:44'),(64,NULL,'IL302','4.1011ENPN16IL.D0500','A203022609','SS304 PN 16 DN 500',NULL,NULL,1,0,61.87,NULL,NULL,NULL,61.87,NULL,'E01','netto',4,'2026-02-13 09:38:17','2026-02-03',NULL,'2026-02-13 02:38:17','2026-02-13 02:38:17'),(65,NULL,'ILB277','4.1021ENPN16ILRED.D0065','A203022611','SS304 REDUCED PN 16 T12 DN 65',NULL,NULL,0,7,2.01,NULL,NULL,NULL,2.01,NULL,'E01','netto',2,'2026-02-13 09:38:17','2026-02-03',NULL,'2026-02-12 22:48:52','2026-02-13 03:04:22'),(66,NULL,'ILB277','4.1021ENPN16ILRED.D0065','A203022612','SS304 REDUCED PN 16 T12 DN 65',NULL,NULL,96,0,2.01,NULL,NULL,NULL,2.01,NULL,'E01','netto',2,'2026-02-13 09:38:17','2026-02-03',NULL,'2026-02-12 22:48:53','2026-02-13 02:38:17'),(67,NULL,'ILB277','4.1021ENPN16ILRED.D0065','A203022613','SS304 REDUCED PN 16 T12 DN 65',NULL,NULL,52,0,2.01,NULL,NULL,NULL,2.01,NULL,'E01','netto',2,'2026-02-13 09:38:17','2026-02-03',NULL,'2026-02-12 22:48:54','2026-02-13 02:38:17'),(68,NULL,'ILB273','4.1021ENPN16ILRED.D0020','A403022603','SS304 REDUCED PN 16 T10 DN 20',NULL,NULL,128,0,0.59,NULL,NULL,NULL,0.59,NULL,'E01','netto',1,'2026-02-13 09:38:17','2026-02-03',NULL,'2026-02-13 02:38:17','2026-02-13 02:38:17'),(69,NULL,'ILB277','4.1021ENPN16ILRED.D0065','A403022608','SS304 REDUCED PN 16 T12 DN 65',NULL,NULL,60,0,2.01,NULL,NULL,NULL,2.01,NULL,'E01','netto',2,'2026-02-13 09:38:17','2026-02-03',NULL,'2026-02-12 22:48:55','2026-02-13 02:38:17'),(70,NULL,'ET488','4.1011UNIPN16.D0050','LA203022601','SS304 UNI 2278 PN 16 DN 50',NULL,NULL,112,0,2.48,NULL,NULL,NULL,2.48,NULL,'E02','netto',1,'2026-02-13 09:38:17','2026-02-03',NULL,'2026-02-13 02:38:17','2026-02-13 02:38:17'),(71,NULL,'ET488','4.1011UNIPN16.D0050','LA203022604','SS304 UNI 2278 PN 16 DN 50',NULL,NULL,128,0,2.48,NULL,NULL,NULL,2.48,NULL,'E02','netto',1,'2026-02-13 09:38:17','2026-02-03',NULL,'2026-02-13 02:38:17','2026-02-13 02:38:17'),(72,NULL,'ET488','4.1011UNIPN16.D0050','LA203022605','SS304 UNI 2278 PN 16 DN 50',NULL,NULL,108,0,2.48,NULL,NULL,NULL,2.48,NULL,'E02','netto',1,'2026-02-13 09:38:17','2026-02-03',NULL,'2026-02-13 02:38:17','2026-02-13 02:38:17'),(73,NULL,'ET488','4.1011UNIPN16.D0050','LA203022606','SS304 UNI 2278 PN 16 DN 50',NULL,NULL,108,0,2.48,NULL,NULL,NULL,2.48,NULL,'E02','netto',1,'2026-02-13 09:38:17','2026-02-03',NULL,'2026-02-13 02:38:17','2026-02-13 02:38:17'),(74,NULL,'ET488','4.1011UNIPN16.D0050','LA203022607','SS304 UNI 2278 PN 16 DN 50',NULL,NULL,96,0,2.48,NULL,NULL,NULL,2.48,NULL,'E02','netto',1,'2026-02-13 09:38:17','2026-02-03',NULL,'2026-02-13 02:38:17','2026-02-13 02:38:17'),(75,NULL,'ET488','4.1011UNIPN16.D0050','LA203022608','SS304 UNI 2278 PN 16 DN 50',NULL,NULL,64,0,2.48,NULL,NULL,NULL,2.48,NULL,'E02','netto',1,'2026-02-13 09:38:17','2026-02-03',NULL,'2026-02-13 02:38:17','2026-02-13 02:38:17'),(76,NULL,'ET488','4.1011UNIPN16.D0050','LA203022609','SS304 UNI 2278 PN 16 DN 50',NULL,NULL,52,0,2.48,NULL,NULL,NULL,2.48,NULL,'E02','netto',1,'2026-02-13 09:38:17','2026-02-03',NULL,'2026-02-13 02:38:17','2026-02-13 02:38:17'),(77,NULL,'ET536','4.1051UNIPN10.D0350','LA203022609','SS304 BLIND UNI 6092 PN 10 DN 350',NULL,NULL,4,0,39.64,NULL,NULL,NULL,39.64,NULL,'E02','netto',4,'2026-02-13 09:38:17','2026-02-03',NULL,'2026-02-13 02:38:17','2026-02-13 02:38:17'),(78,NULL,'ET536','4.1051UNIPN10.D0350','LA203022619','SS304 BLIND UNI 6092 PN 10 DN 350',NULL,NULL,5,0,39.64,NULL,NULL,NULL,39.64,NULL,'E02','netto',4,'2026-02-13 09:38:17','2026-02-03',NULL,'2026-02-13 02:38:17','2026-02-13 02:38:17'),(79,NULL,'ETB368','4.1011UNIPN06.D0020','LA403022603','SS304 UNI 2276 PN 6 DN 20',NULL,NULL,28,0,0.51,NULL,NULL,NULL,0.51,NULL,'E02','netto',1,'2026-02-13 09:38:17','2026-02-03',NULL,'2026-02-13 02:38:17','2026-02-13 02:38:17'),(80,NULL,'CR03','4.1011UNIPN06.D0150','A203022614','SS304 UNI 2276 PN 6 DN 150',NULL,NULL,18,0,4.82,NULL,NULL,NULL,4.82,NULL,'E04','netto',3,'2026-02-13 09:38:17','2026-02-03',NULL,'2026-02-13 02:38:17','2026-02-13 02:38:17'),(81,NULL,'CR03','4.1011UNIPN06.D0150','A203022615','SS304 UNI 2276 PN 6 DN 150',NULL,NULL,7,0,4.82,NULL,NULL,NULL,4.82,NULL,'E04','netto',3,'2026-02-13 09:38:17','2026-02-03',NULL,'2026-02-13 02:38:17','2026-02-13 02:38:17'),(82,NULL,'CRB13','4.1142.D0050','P403022610','SS316 SQUARE DN 50',NULL,NULL,144,0,0.45,NULL,NULL,NULL,0.45,NULL,'E04','netto',1,'2026-02-13 09:38:17','2026-02-03',NULL,'2026-02-13 02:38:17','2026-02-13 02:38:17'),(83,NULL,'CRB12','4.1142.D0040','P403022610','SS316 SQUARE DN 40',NULL,NULL,72,0,0.39,NULL,NULL,NULL,0.39,NULL,'E04','netto',1,'2026-02-13 09:38:17','2026-02-03',NULL,'2026-02-13 02:38:17','2026-02-13 02:38:17'),(84,NULL,'CRB11','4.1142.D0032','P403022612','SS316 SQUARE DN 32',NULL,NULL,160,0,0.31,NULL,NULL,NULL,0.31,NULL,'E04','netto',1,'2026-02-13 09:38:17','2026-02-03',NULL,'2026-02-13 02:38:17','2026-02-13 02:38:17'),(85,NULL,'CRB09','4.1142.D0020','P403022612','SS316 SQUARE DN 20',NULL,NULL,200,0,0.28,NULL,NULL,NULL,0.28,NULL,'E04','netto',1,'2026-02-13 09:38:17','2026-02-03',NULL,'2026-02-13 02:38:17','2026-02-13 02:38:17'),(86,NULL,'S622','4.1111150LB.A0015','A403022603','SS304 WNRF ANSI 150LBS SCH40 1/2\"',NULL,NULL,12,0,0.49,NULL,NULL,NULL,0.49,NULL,'STOK NON PO','netto',1,'2026-02-13 09:38:17','2026-02-03',NULL,'2026-02-13 02:38:17','2026-02-13 02:38:17'),(87,NULL,'S619','4.1092150LB.A0015','P403022610','SS316 SORF ANSI 150LBS 1/2\"',NULL,NULL,36,0,0.40,NULL,NULL,NULL,0.40,NULL,'STOK NON PO','netto',1,'2026-02-13 09:38:17','2026-02-03',NULL,'2026-02-13 02:38:17','2026-02-13 02:38:17'),(88,NULL,'UN13','4.1011TABLEEID.A0050','A203022603','SS304 TABLE E ID62.0 2\"',NULL,NULL,24,0,1.08,NULL,NULL,NULL,1.08,NULL,'A02','netto',1,'2026-02-13 09:38:17','2026-02-03',NULL,'2026-02-13 02:38:17','2026-02-13 02:38:17'),(89,NULL,'UN04','4.101105KID.A0065','A203022603','SS304 JIS 5K ID74.7 2-1/2\"',NULL,NULL,60,0,1.52,NULL,NULL,NULL,1.52,NULL,'A02','netto',2,'2026-02-13 09:38:17','2026-02-03',NULL,'2026-02-12 22:48:56','2026-02-13 02:38:17'),(90,NULL,'UN25','4.1041DINPN16ID.A0150','A203022613','SS304 RAISED DIN 2501 PN 16 ID170.7 6\"',NULL,NULL,20,0,5.97,NULL,NULL,NULL,5.97,NULL,'A02','netto',3,'2026-02-13 09:38:17','2026-02-03',NULL,'2026-02-13 02:38:17','2026-02-13 02:38:17'),(91,NULL,'UN25','4.1041DINPN16ID.A0150','A203022614','SS304 RAISED DIN 2501 PN 16 ID170.7 6\"',NULL,NULL,30,0,5.97,NULL,NULL,NULL,5.97,NULL,'A02','netto',3,'2026-02-13 09:38:17','2026-02-03',NULL,'2026-02-13 02:38:17','2026-02-13 02:38:17'),(92,NULL,'UN25','4.1041DINPN16ID.A0150','A203022615','SS304 RAISED DIN 2501 PN 16 ID170.7 6\"',NULL,NULL,38,0,5.97,NULL,NULL,NULL,5.97,NULL,'A02','netto',3,'2026-02-13 09:38:17','2026-02-03',NULL,'2026-02-13 02:38:17','2026-02-13 02:38:17'),(93,NULL,'UN25','4.1041DINPN16ID.A0150','A203022616','SS304 RAISED DIN 2501 PN 16 ID170.7 6\"',NULL,NULL,39,0,5.97,NULL,NULL,NULL,5.97,NULL,'A02','netto',3,'2026-02-13 09:38:17','2026-02-03',NULL,'2026-02-13 02:38:17','2026-02-13 02:38:17'),(94,NULL,'UN25','4.1041DINPN16ID.A0150','A203022617','SS304 RAISED DIN 2501 PN 16 ID170.7 6\"',NULL,NULL,31,0,5.97,NULL,NULL,NULL,5.97,NULL,'A02','netto',3,'2026-02-13 09:38:17','2026-02-03',NULL,'2026-02-13 02:38:17','2026-02-13 02:38:17'),(95,NULL,'UN25','4.1041DINPN16ID.A0150','A203022618','SS304 RAISED DIN 2501 PN 16 ID170.7 6\"',NULL,NULL,34,0,5.97,NULL,NULL,NULL,5.97,NULL,'A02','netto',3,'2026-02-13 09:38:17','2026-02-03',NULL,'2026-02-13 02:38:17','2026-02-13 02:38:17'),(96,NULL,'UN25','4.1041DINPN16ID.A0150','A203022619','SS304 RAISED DIN 2501 PN 16 ID170.7 6\"',NULL,NULL,18,0,5.97,NULL,NULL,NULL,5.97,NULL,'A02','netto',3,'2026-02-13 09:38:17','2026-02-03',NULL,'2026-02-13 02:38:17','2026-02-13 02:38:17'),(97,NULL,'ILB278','4.1021ENPN16ILRED.D0080','A203022602','SS304 REDUCED PN 16 T12 DN 80',NULL,NULL,75,0,2.18,NULL,NULL,NULL,2.18,NULL,'E01','bubut_od',2,'2026-02-13 09:41:44','2026-02-10',NULL,'2026-02-13 02:41:44','2026-02-13 02:41:44'),(98,NULL,'ILB278','4.1021ENPN16ILRED.D0080','A203022603','SS304 REDUCED PN 16 T12 DN 80',NULL,NULL,40,0,2.18,NULL,NULL,NULL,2.18,NULL,'E01','bubut_od',2,'2026-02-13 09:41:44','2026-02-10',NULL,'2026-02-13 02:41:44','2026-02-13 02:41:44'),(99,NULL,'ILB277','4.1021ENPN16ILRED.D0065','A203022611','SS304 REDUCED PN 16 T12 DN 65',NULL,NULL,105,0,2.01,NULL,NULL,NULL,2.01,NULL,'E01','bubut_od',2,'2026-02-13 10:04:22','2026-02-11',NULL,'2026-02-13 03:04:22','2026-02-13 03:04:22'),(100,NULL,'UN22','4.1041DINPN16ID.A0065','A201022602','SS304 RAISED DIN 2501 PN 16 ID74.7 2-1/2\"',NULL,NULL,25,0,2.72,NULL,NULL,NULL,2.72,NULL,'A02','bubut_od',2,'2026-02-14 00:39:00','2026-02-13',NULL,'2026-02-13 17:39:00','2026-02-13 17:39:00'),(101,NULL,'ILB278','4.1021ENPN16ILRED.D0080','A404022601','SS304 REDUCED PN 16 T12 DN 80',NULL,NULL,27,0,2.18,NULL,NULL,NULL,2.18,NULL,'E01','netto',2,'2026-02-19 04:41:05','2026-02-04',NULL,'2026-02-18 21:41:05','2026-02-18 21:41:05'),(102,NULL,'ILB278','4.1021ENPN16ILRED.D0080','A404022602','SS304 REDUCED PN 16 T12 DN 80',NULL,NULL,36,0,2.18,NULL,NULL,NULL,2.18,NULL,'E01','netto',2,'2026-02-19 04:41:06','2026-02-04',NULL,'2026-02-18 21:41:06','2026-02-18 21:41:06'),(103,NULL,'ILB278','4.1021ENPN16ILRED.D0080','A404022603','SS304 REDUCED PN 16 T12 DN 80',NULL,NULL,18,0,2.18,NULL,NULL,NULL,2.18,NULL,'E01','netto',2,'2026-02-19 04:41:06','2026-02-04',NULL,'2026-02-18 21:41:06','2026-02-18 21:41:06'),(104,NULL,'ILB277','4.1021ENPN16ILRED.D0065','A404022604','SS304 REDUCED PN 16 T12 DN 65',NULL,NULL,40,0,2.01,NULL,NULL,NULL,2.01,NULL,'E01','netto',2,'2026-02-19 04:41:06','2026-02-04',NULL,'2026-02-18 21:41:06','2026-02-18 21:41:06'),(105,NULL,'ILB277','4.1021ENPN16ILRED.D0065','A404022605','SS304 REDUCED PN 16 T12 DN 65',NULL,NULL,40,0,2.01,NULL,NULL,NULL,2.01,NULL,'E01','netto',2,'2026-02-19 04:41:06','2026-02-04',NULL,'2026-02-18 21:41:06','2026-02-18 21:41:06'),(106,NULL,'ILB277','4.1021ENPN16ILRED.D0065','A404022606','SS304 REDUCED PN 16 T12 DN 65',NULL,NULL,40,0,2.01,NULL,NULL,NULL,2.01,NULL,'E01','netto',2,'2026-02-19 04:41:06','2026-02-04',NULL,'2026-02-18 21:41:06','2026-02-18 21:41:06'),(107,NULL,'ET488','4.1011UNIPN16.D0050','LA204022604','SS304 UNI 2278 PN 16 DN 50',NULL,NULL,124,0,2.48,NULL,NULL,NULL,2.48,NULL,'E02','netto',1,'2026-02-19 04:41:06','2026-02-04',NULL,'2026-02-18 21:41:06','2026-02-18 21:41:06'),(108,NULL,'ET488','4.1011UNIPN16.D0050','LA204022605','SS304 UNI 2278 PN 16 DN 50',NULL,NULL,120,0,2.48,NULL,NULL,NULL,2.48,NULL,'E02','netto',1,'2026-02-19 04:41:06','2026-02-04',NULL,'2026-02-18 21:41:06','2026-02-18 21:41:06'),(109,NULL,'ET488','4.1011UNIPN16.D0050','LA204022606','SS304 UNI 2278 PN 16 DN 50',NULL,NULL,104,0,2.48,NULL,NULL,NULL,2.48,NULL,'E02','netto',1,'2026-02-19 04:41:06','2026-02-04',NULL,'2026-02-18 21:41:06','2026-02-18 21:41:06'),(110,NULL,'ET488','4.1011UNIPN16.D0050','LA204022607','SS304 UNI 2278 PN 16 DN 50',NULL,NULL,64,0,2.48,NULL,NULL,NULL,2.48,NULL,'E02','netto',1,'2026-02-19 04:41:06','2026-02-04',NULL,'2026-02-18 21:41:06','2026-02-18 21:41:06'),(111,NULL,'ET488','4.1011UNIPN16.D0050','LA204022608','SS304 UNI 2278 PN 16 DN 50',NULL,NULL,88,0,2.48,NULL,NULL,NULL,2.48,NULL,'E02','netto',1,'2026-02-19 04:41:06','2026-02-04',NULL,'2026-02-18 21:41:06','2026-02-18 21:41:06'),(112,NULL,'ET472','4.1011ENPN40.D0150','LA204022609','SS304 EN1092-1 PN 40 DN 150',NULL,NULL,33,0,10.27,NULL,NULL,NULL,10.27,NULL,'E02','netto',3,'2026-02-19 04:41:06','2026-02-04',NULL,'2026-02-18 21:41:06','2026-02-18 21:41:06'),(113,NULL,'ET391','4.1012ENPN16.D0200','LP204022611','SS316 EN1092-1 PN 16 DN 200',NULL,NULL,28,0,9.83,NULL,NULL,NULL,9.83,NULL,'E02','netto',3,'2026-02-19 04:41:06','2026-02-04',NULL,'2026-02-18 21:41:06','2026-02-18 21:41:06'),(114,NULL,'ET391','4.1012ENPN16.D0200','LP204022612','SS316 EN1092-1 PN 16 DN 200',NULL,NULL,22,0,9.83,NULL,NULL,NULL,9.83,NULL,'E02','netto',3,'2026-02-19 04:41:06','2026-02-04',NULL,'2026-02-18 21:41:06','2026-02-18 21:41:06'),(115,NULL,'ET391','4.1012ENPN16.D0200','LP204022613','SS316 EN1092-1 PN 16 DN 200',NULL,NULL,6,0,9.83,NULL,NULL,NULL,9.83,NULL,'E02','netto',3,'2026-02-19 04:41:06','2026-02-04',NULL,'2026-02-18 21:41:06','2026-02-18 21:41:06'),(116,NULL,'ET564','4.1072UNIPN16.D0080','LP204022613','SS316 LOOSE UNI 6090 PN 16 DN 80',NULL,NULL,28,0,3.17,NULL,NULL,NULL,3.17,NULL,'E02','netto',2,'2026-02-19 04:41:06','2026-02-04',NULL,'2026-02-18 21:41:06','2026-02-18 21:41:06'),(117,NULL,'ET564','4.1072UNIPN16.D0080','LP204022614','SS316 LOOSE UNI 6090 PN 16 DN 80',NULL,NULL,84,0,3.17,NULL,NULL,NULL,3.17,NULL,'E02','netto',2,'2026-02-19 04:41:06','2026-02-04',NULL,'2026-02-18 21:41:06','2026-02-18 21:41:06'),(118,NULL,'ET564','4.1072UNIPN16.D0080','LP204022615','SS316 LOOSE UNI 6090 PN 16 DN 80',NULL,NULL,8,0,3.17,NULL,NULL,NULL,3.17,NULL,'E02','netto',2,'2026-02-19 04:41:06','2026-02-04',NULL,'2026-02-18 21:41:06','2026-02-18 21:41:06'),(119,NULL,'ET407','4.1012UNIPN16.D0065.3W','LP204022615','SS316 UNI 2278 PN 16 DN 65',NULL,NULL,60,0,3.03,NULL,NULL,NULL,3.03,NULL,'E02','netto',2,'2026-02-19 04:41:06','2026-02-04',NULL,'2026-02-18 21:41:06','2026-02-18 21:41:06'),(120,NULL,'ET407','4.1012UNIPN16.D0065.3W','LP204022617','SS316 UNI 2278 PN 16 DN 65',NULL,NULL,18,0,3.03,NULL,NULL,NULL,3.03,NULL,'E02','netto',2,'2026-02-19 04:41:06','2026-02-04',NULL,'2026-02-18 21:41:06','2026-02-18 21:41:06'),(121,NULL,'ET407','4.1012UNIPN16.D0065.3W','LP204022618','SS316 UNI 2278 PN 16 DN 65',NULL,NULL,24,0,3.03,NULL,NULL,NULL,3.03,NULL,'E02','netto',2,'2026-02-19 04:41:06','2026-02-04',NULL,'2026-02-18 21:41:06','2026-02-18 21:41:06'),(122,NULL,'ET500','4.1012UNIPN06.D0032','LP204022615','SS316 UNI 2276 PN 6 DN 32',NULL,NULL,40,0,1.03,NULL,NULL,NULL,1.03,NULL,'E02','netto',1,'2026-02-19 04:41:06','2026-02-04',NULL,'2026-02-18 21:41:06','2026-02-18 21:41:06'),(123,NULL,'ET500','4.1012UNIPN06.D0032','LP204022616','SS316 UNI 2276 PN 6 DN 32',NULL,NULL,228,0,1.03,NULL,NULL,NULL,1.03,NULL,'E02','netto',1,'2026-02-19 04:41:06','2026-02-04',NULL,'2026-02-18 21:41:06','2026-02-18 21:41:06'),(124,NULL,'ET500','4.1012UNIPN06.D0032','LP204022618','SS316 UNI 2276 PN 6 DN 32',NULL,NULL,92,0,1.03,NULL,NULL,NULL,1.03,NULL,'E02','netto',1,'2026-02-19 04:41:06','2026-02-04',NULL,'2026-02-18 21:41:06','2026-02-18 21:41:06'),(125,NULL,'ET421','4.1052UNIPN16.D0300','LP204022617','SS316 BLIND UNI 6093 PN 16 DN 300',NULL,NULL,7,0,35.59,NULL,NULL,NULL,35.59,NULL,'E02','netto',3,'2026-02-19 04:41:06','2026-02-04',NULL,'2026-02-18 21:41:06','2026-02-18 21:41:06'),(126,NULL,'ET495','4.1012ENPN10.D0400','LP204022618','SS316 EN1092-1 PN 10 DN 400',NULL,NULL,2,0,27.80,NULL,NULL,NULL,27.80,NULL,'E02','netto',4,'2026-02-19 04:41:06','2026-02-04',NULL,'2026-02-18 21:41:06','2026-02-18 21:41:06'),(127,NULL,'ET495','4.1012ENPN10.D0400','LP204022619','SS316 EN1092-1 PN 10 DN 400',NULL,NULL,9,0,27.80,NULL,NULL,NULL,27.80,NULL,'E02','netto',4,'2026-02-19 04:41:06','2026-02-04',NULL,'2026-02-18 21:41:06','2026-02-18 21:41:06'),(128,NULL,'CR02','4.1011UNIPN06.D0065','A204022602','SS304 UNI 2276 PN 6 DN 65',NULL,NULL,104,0,1.63,NULL,NULL,NULL,1.63,NULL,'E04','netto',2,'2026-02-19 04:41:06','2026-02-04',NULL,'2026-02-18 21:41:06','2026-02-18 21:41:06'),(129,NULL,'CR02','4.1011UNIPN06.D0065','A204022603','SS304 UNI 2276 PN 6 DN 65',NULL,NULL,136,0,1.63,NULL,NULL,NULL,1.63,NULL,'E04','netto',2,'2026-02-19 04:41:06','2026-02-04',NULL,'2026-02-18 21:41:06','2026-02-18 21:41:06'),(130,NULL,'CRB12','4.1142.D0040','P404022608','SS316 SQUARE DN 40',NULL,NULL,144,0,0.39,NULL,NULL,NULL,0.39,NULL,'E04','netto',1,'2026-02-19 04:41:06','2026-02-04',NULL,'2026-02-18 21:41:06','2026-02-18 21:41:06'),(131,NULL,'CRB14','4.1142.D0065','P404022608','SS316 SQUARE DN 65',NULL,NULL,48,0,0.90,NULL,NULL,NULL,0.90,NULL,'E04','netto',2,'2026-02-19 04:41:06','2026-02-04',NULL,'2026-02-18 21:41:06','2026-02-18 21:41:06'),(132,NULL,'CRB12','4.1142.D0040','P404022609','SS316 SQUARE DN 40',NULL,NULL,180,0,0.39,NULL,NULL,NULL,0.39,NULL,'E04','netto',1,'2026-02-19 04:41:06','2026-02-04',NULL,'2026-02-18 21:41:06','2026-02-18 21:41:06'),(133,NULL,'CRB14','4.1142.D0065','P404022609','SS316 SQUARE DN 65',NULL,NULL,84,0,0.90,NULL,NULL,NULL,0.90,NULL,'E04','netto',2,'2026-02-19 04:41:06','2026-02-04',NULL,'2026-02-18 21:41:06','2026-02-18 21:41:06'),(134,NULL,'S605','4.101110K.A0150','A204022601','SS304 JIS 10K 6\"',NULL,NULL,34,0,6.33,NULL,NULL,NULL,6.33,NULL,'STOK NON PO','netto',3,'2026-02-19 04:41:06','2026-02-04',NULL,'2026-02-18 21:41:06','2026-02-18 21:41:06'),(135,NULL,'S605','4.101110K.A0150','A204022602','SS304 JIS 10K 6\"',NULL,NULL,9,0,6.33,NULL,NULL,NULL,6.33,NULL,'STOK NON PO','netto',3,'2026-02-19 04:41:06','2026-02-04',NULL,'2026-02-18 21:41:06','2026-02-18 21:41:06'),(136,NULL,'S576','4.101210K.A0080','P204022619','SS316 JIS 10K 3\"',NULL,NULL,18,0,2.59,NULL,NULL,NULL,2.59,NULL,'STOK NON PO','netto',2,'2026-02-19 04:41:06','2026-02-04',NULL,'2026-02-18 21:41:06','2026-02-18 21:41:06'),(137,NULL,'S622','4.1111150LB.A0015','A404022603','SS304 WNRF ANSI 150LBS SCH40 1/2\"',NULL,NULL,0,0,0.49,NULL,NULL,NULL,0.49,NULL,'STOK NON PO','netto',1,'2026-02-19 04:41:06','2026-02-04',NULL,'2026-02-18 21:41:06','2026-02-18 21:41:06'),(138,51,'S620','4.1092150LB.A0020','P404022608','SS316 SORF ANSI 150LBS 3/4\"',NULL,NULL,0,0,0.57,NULL,NULL,NULL,0.57,'SE-2026-005','STOK NON PO','netto',1,'2026-02-19 04:41:06','2026-02-04',NULL,'2026-02-18 21:41:06','2026-02-18 21:41:06'),(139,26,'UN25','4.1041DINPN16ID.A0150','A204022601','SS304 RAISED DIN 2501 PN 16 ID170.7 6\"',NULL,NULL,8,0,5.97,NULL,NULL,NULL,5.97,'SE-2026-005','A02','netto',3,'2026-02-19 04:41:06','2026-02-04',NULL,'2026-02-18 21:41:06','2026-02-18 21:41:06'),(140,31,'UN30','4.1042DINPN16ID.A0015','P204022613','SS316 RAISED DIN 2501 PN 16 ID22.3 1/2\"',NULL,NULL,80,0,0.60,NULL,NULL,NULL,0.60,'SE-2026-005','A02','netto',1,'2026-02-19 04:41:06','2026-02-04',NULL,'2026-02-18 21:41:06','2026-02-18 21:41:06'),(141,49,'UN48','4.1091300LB.A0050','A404022601','SS304 SORF ANSI 300LBS 2\"',NULL,NULL,36,0,2.91,NULL,NULL,NULL,2.91,'SE-2026-005','A02','netto',1,'2026-02-19 04:41:06','2026-02-04',NULL,'2026-02-18 21:41:06','2026-02-18 21:41:06'),(142,104,'UN48','4.1091300LB.A0050','A404022606','SS304 SORF ANSI 300LBS 2\"',NULL,NULL,12,0,2.91,NULL,NULL,NULL,2.91,'SE-2026-005','A02','netto',1,'2026-02-19 04:41:06','2026-02-04',NULL,'2026-02-18 21:41:06','2026-02-18 21:41:06'),(143,NULL,'ILB277','4.1021ENPN16ILRED.D0065','A405022601','SS304 REDUCED PN 16 T12 DN 65',NULL,NULL,10,0,2.01,NULL,NULL,NULL,2.01,NULL,'E01','netto',2,'2026-02-19 04:43:38','2026-02-05',NULL,'2026-02-18 21:43:38','2026-02-18 21:43:38'),(144,NULL,'ILB277','4.1021ENPN16ILRED.D0065','A405022602','SS304 REDUCED PN 16 T12 DN 65',NULL,NULL,20,0,2.01,NULL,NULL,NULL,2.01,NULL,'E01','netto',2,'2026-02-19 04:43:38','2026-02-05',NULL,'2026-02-18 21:43:38','2026-02-18 21:43:38'),(145,NULL,'ILB277','4.1021ENPN16ILRED.D0065','A405022603','SS304 REDUCED PN 16 T12 DN 65',NULL,NULL,20,0,2.01,NULL,NULL,NULL,2.01,NULL,'E01','netto',2,'2026-02-19 04:43:38','2026-02-05',NULL,'2026-02-18 21:43:38','2026-02-18 21:43:38'),(146,NULL,'ILS05','4.1021ENPN16ILRED.D0020','A405022604','SS304 REDUCED PN 16 T10 DN 20',NULL,NULL,96,0,0.59,NULL,NULL,NULL,0.59,NULL,'E01','netto',1,'2026-02-19 04:43:38','2026-02-05',NULL,'2026-02-18 21:43:38','2026-02-18 21:43:38'),(147,NULL,'ILB225','4.1021ENPN16ILRED.D0015','A405022604','SS304 REDUCED PN 16 T10 DN 15',NULL,NULL,64,0,0.48,NULL,NULL,NULL,0.48,NULL,'E01','netto',1,'2026-02-19 04:43:38','2026-02-05',NULL,'2026-02-18 21:43:38','2026-02-18 21:43:38'),(148,NULL,'ET566','4.1072UNIPN16.D0250','LP205022604','SS316 LOOSE UNI 6090 PN 16 DN 250',NULL,NULL,20,0,11.64,NULL,NULL,NULL,11.64,NULL,'E02','netto',3,'2026-02-19 04:43:38','2026-02-05',NULL,'2026-02-18 21:43:38','2026-02-18 21:43:38'),(149,NULL,'ET566','4.1072UNIPN16.D0250','LP205022605','SS316 LOOSE UNI 6090 PN 16 DN 250',NULL,NULL,24,0,11.64,NULL,NULL,NULL,11.64,NULL,'E02','netto',3,'2026-02-19 04:43:38','2026-02-05',NULL,'2026-02-18 21:43:38','2026-02-18 21:43:38'),(150,NULL,'ET566','4.1072UNIPN16.D0250','LP205022606','SS316 LOOSE UNI 6090 PN 16 DN 250',NULL,NULL,12,0,11.64,NULL,NULL,NULL,11.64,NULL,'E02','netto',3,'2026-02-19 04:43:38','2026-02-05',NULL,'2026-02-18 21:43:38','2026-02-18 21:43:38'),(151,NULL,'ET495','4.1012ENPN10.D0400','LP205022609','SS316 EN1092-1 PN 10 DN 400',NULL,NULL,9,0,27.80,NULL,NULL,NULL,27.80,NULL,'E02','netto',4,'2026-02-19 04:43:38','2026-02-05',NULL,'2026-02-18 21:43:38','2026-02-18 21:43:38'),(152,NULL,'ET557','4.1071UNIPN16.D0125','LA205022610','SS304 LOOSE UNI 6090 PN 16 DN 125',NULL,NULL,30,0,4.36,NULL,NULL,NULL,4.36,NULL,'E02','netto',2,'2026-02-19 04:43:38','2026-02-05',NULL,'2026-02-18 21:43:38','2026-02-18 21:43:38'),(153,NULL,'ET557','4.1071UNIPN16.D0125','LA205022611','SS304 LOOSE UNI 6090 PN 16 DN 125',NULL,NULL,34,0,4.36,NULL,NULL,NULL,4.36,NULL,'E02','netto',2,'2026-02-19 04:43:38','2026-02-05',NULL,'2026-02-18 21:43:38','2026-02-18 21:43:38'),(154,NULL,'ET557','4.1071UNIPN16.D0125','LA205022612','SS304 LOOSE UNI 6090 PN 16 DN 125',NULL,NULL,56,0,4.36,NULL,NULL,NULL,4.36,NULL,'E02','netto',2,'2026-02-19 04:43:38','2026-02-05',NULL,'2026-02-18 21:43:38','2026-02-18 21:43:38'),(155,NULL,'ET557','4.1071UNIPN16.D0125','LA205022613','SS304 LOOSE UNI 6090 PN 16 DN 125',NULL,NULL,58,0,4.36,NULL,NULL,NULL,4.36,NULL,'E02','netto',2,'2026-02-19 04:43:38','2026-02-05',NULL,'2026-02-18 21:43:38','2026-02-18 21:43:38'),(156,NULL,'ET557','4.1071UNIPN16.D0125','LA205022614','SS304 LOOSE UNI 6090 PN 16 DN 125',NULL,NULL,47,0,4.36,NULL,NULL,NULL,4.36,NULL,'E02','netto',2,'2026-02-19 04:43:38','2026-02-05',NULL,'2026-02-18 21:43:38','2026-02-18 21:43:38'),(157,NULL,'ET557','4.1071UNIPN16.D0125','LA205022615','SS304 LOOSE UNI 6090 PN 16 DN 125',NULL,NULL,58,0,4.36,NULL,NULL,NULL,4.36,NULL,'E02','netto',2,'2026-02-19 04:43:38','2026-02-05',NULL,'2026-02-18 21:43:38','2026-02-18 21:43:38'),(158,NULL,'ET557','4.1071UNIPN16.D0125','LA205022617','SS304 LOOSE UNI 6090 PN 16 DN 125',NULL,NULL,50,0,4.36,NULL,NULL,NULL,4.36,NULL,'E02','netto',2,'2026-02-19 04:43:38','2026-02-05',NULL,'2026-02-18 21:43:38','2026-02-18 21:43:38'),(159,NULL,'ET557','4.1071UNIPN16.D0125','LA205022618','SS304 LOOSE UNI 6090 PN 16 DN 125',NULL,NULL,43,0,4.36,NULL,NULL,NULL,4.36,NULL,'E02','netto',2,'2026-02-19 04:43:38','2026-02-05',NULL,'2026-02-18 21:43:38','2026-02-18 21:43:38'),(160,NULL,'ET466','4.1011ENPN40.D0025','LA205022611','SS304 EN1092-1 PN 40 DN 25',NULL,NULL,28,0,1.12,NULL,NULL,NULL,1.12,NULL,'E02','netto',1,'2026-02-19 04:43:38','2026-02-05',NULL,'2026-02-18 21:43:38','2026-02-18 21:43:38'),(161,NULL,'ETB525','4.1031SPC.MM4080','LP405022608','SS304 SPECIAL MM4080 DN 80',NULL,NULL,20,0,0.89,NULL,NULL,NULL,0.89,NULL,'E02','netto',2,'2026-02-19 04:43:38','2026-02-05',NULL,'2026-02-18 21:43:38','2026-02-18 21:43:38'),(162,NULL,'CRB14','4.1142.D0065','P405022608','SS316 SQUARE DN 65',NULL,NULL,72,0,0.90,NULL,NULL,NULL,0.90,NULL,'E04','netto',2,'2026-02-19 04:43:38','2026-02-05',NULL,'2026-02-18 21:43:38','2026-02-18 21:43:38'),(163,NULL,'BA25','4.101110K.A0350','A205022616','SS304 JIS 10K 14\"',NULL,NULL,9,0,16.42,NULL,NULL,NULL,16.42,NULL,'A00','netto',4,'2026-02-19 04:43:38','2026-02-05',NULL,'2026-02-18 21:43:38','2026-02-18 21:43:38'),(164,NULL,'BA25','4.101110K.A0350','A205022618','SS304 JIS 10K 14\"',NULL,NULL,4,0,16.42,NULL,NULL,NULL,16.42,NULL,'A00','netto',4,'2026-02-19 04:43:38','2026-02-05',NULL,'2026-02-18 21:43:38','2026-02-18 21:43:38'),(165,NULL,'S575','4.101210K.A0050','P205022602','SS316 JIS 10K 2\"',NULL,NULL,120,0,1.87,NULL,NULL,NULL,1.87,NULL,'STOK NON PO','netto',1,'2026-02-19 04:43:38','2026-02-05',NULL,'2026-02-18 21:43:38','2026-02-18 21:43:38'),(166,NULL,'S575','4.101210K.A0050','P205022603','SS316 JIS 10K 2\"',NULL,NULL,120,0,1.87,NULL,NULL,NULL,1.87,NULL,'STOK NON PO','netto',1,'2026-02-19 04:43:38','2026-02-05',NULL,'2026-02-18 21:43:38','2026-02-18 21:43:38'),(167,NULL,'S577','4.101210K.A0100','P205022603','SS316 JIS 10K 4\"',NULL,NULL,16,0,3.11,NULL,NULL,NULL,3.11,NULL,'STOK NON PO','netto',2,'2026-02-19 04:43:38','2026-02-05',NULL,'2026-02-18 21:43:38','2026-02-18 21:43:38'),(168,NULL,'S605','4.101110K.A0150','A205022601','SS304 JIS 10K 6\"',NULL,NULL,41,0,6.33,NULL,NULL,NULL,6.33,NULL,'STOK NON PO','netto',3,'2026-02-19 04:43:38','2026-02-05',NULL,'2026-02-18 21:43:38','2026-02-18 21:43:38'),(169,15,'UN14','4.1011TABLEEID.A0080','A205022610','SS304 TABLE E ID90.7 3\"',NULL,NULL,56,0,1.70,NULL,NULL,NULL,1.70,'SE-2026-005','A02','netto',2,'2026-02-19 04:43:38','2026-02-05',NULL,'2026-02-18 21:43:38','2026-02-18 21:43:38'),(170,15,'UN14','4.1011TABLEEID.A0080','A205022611','SS304 TABLE E ID90.7 3\"',NULL,NULL,34,0,1.70,NULL,NULL,NULL,1.70,'SE-2026-005','A02','netto',2,'2026-02-19 04:43:38','2026-02-05',NULL,'2026-02-18 21:43:38','2026-02-18 21:43:38'),(171,6,'UN05','4.101105KID.A0350','A205022618','SS304 JIS 5K ID359.1 14\"',NULL,NULL,1,0,13.98,NULL,NULL,NULL,13.98,'SE-2026-005','A02','netto',4,'2026-02-19 04:43:38','2026-02-05',NULL,'2026-02-18 21:43:38','2026-02-18 21:43:38'),(172,45,'UNB44','4.1091150LB.A0050','A405022601','SS304 SORF ANSI 150LBS 2\"',NULL,NULL,48,0,2.06,NULL,NULL,NULL,2.06,'SE-2026-005','A02','netto',1,'2026-02-19 04:43:38','2026-02-05',NULL,'2026-02-18 21:43:38','2026-02-18 21:43:38'),(173,45,'UNB44','4.1091150LB.A0050','A405022602','SS304 SORF ANSI 150LBS 2\"',NULL,NULL,24,0,2.06,NULL,NULL,NULL,2.06,'SE-2026-005','A02','netto',1,'2026-02-19 04:43:38','2026-02-05',NULL,'2026-02-18 21:43:38','2026-02-18 21:43:38'),(174,45,'UNB44','4.1091150LB.A0050','A405022603','SS304 SORF ANSI 150LBS 2\"',NULL,NULL,24,0,2.06,NULL,NULL,NULL,2.06,'SE-2026-005','A02','netto',1,'2026-02-19 04:43:38','2026-02-05',NULL,'2026-02-18 21:43:38','2026-02-18 21:43:38'),(175,NULL,'AB32','4.1042150LB.A0050','P205022606','SS316 RAISED ANSI 150LBS 2\"',NULL,NULL,56,0,2.00,NULL,NULL,NULL,2.00,NULL,'A06','netto',1,'2026-02-19 04:43:38','2026-02-05',NULL,'2026-02-18 21:43:38','2026-02-18 21:43:38'),(176,NULL,'AB32','4.1042150LB.A0050','P205022608','SS316 RAISED ANSI 150LBS 2\"',NULL,NULL,84,0,2.00,NULL,NULL,NULL,2.00,NULL,'A06','netto',1,'2026-02-19 04:43:38','2026-02-05',NULL,'2026-02-18 21:43:38','2026-02-18 21:43:38'),(177,NULL,'AB32','4.1042150LB.A0050','P205022609','SS316 RAISED ANSI 150LBS 2\"',NULL,NULL,20,0,2.00,NULL,NULL,NULL,2.00,NULL,'A06','netto',1,'2026-02-19 04:43:38','2026-02-05',NULL,'2026-02-18 21:43:38','2026-02-18 21:43:38'),(178,NULL,'AB33','4.1042ENPN40.D0200','P205022607','SS316 RAISED EN1092-1 PN 40 8\" DN 200',NULL,NULL,12,0,17.12,NULL,NULL,NULL,17.12,NULL,'A06','netto',3,'2026-02-19 04:43:38','2026-02-05',NULL,'2026-02-18 21:43:38','2026-02-18 21:43:38'),(179,NULL,'AB35','4.105210K.A0100','P205022607','SS316 BLIND JIS 10K 4\"',NULL,NULL,12,0,4.60,NULL,NULL,NULL,4.60,NULL,'A06','netto',2,'2026-02-19 04:43:38','2026-02-05',NULL,'2026-02-18 21:43:38','2026-02-18 21:43:38'),(180,NULL,'ILB277','4.1021ENPN16ILRED.D0065','A406022603','SS304 REDUCED PN 16 T12 DN 65',NULL,NULL,20,0,2.01,NULL,NULL,NULL,2.01,NULL,'E01','netto',2,'2026-02-19 04:47:42','2026-02-06',NULL,'2026-02-18 21:47:42','2026-02-18 21:47:42'),(181,NULL,'ILB277','4.1021ENPN16ILRED.D0065','A406022604','SS304 REDUCED PN 16 T12 DN 65',NULL,NULL,20,0,2.01,NULL,NULL,NULL,2.01,NULL,'E01','netto',2,'2026-02-19 04:47:42','2026-02-06',NULL,'2026-02-18 21:47:42','2026-02-18 21:47:42'),(182,NULL,'ILB277','4.1021ENPN16ILRED.D0065','A406022605','SS304 REDUCED PN 16 T12 DN 65',NULL,NULL,20,0,2.01,NULL,NULL,NULL,2.01,NULL,'E01','netto',2,'2026-02-19 04:47:42','2026-02-06',NULL,'2026-02-18 21:47:42','2026-02-18 21:47:42'),(183,NULL,'ET557','4.1071UNIPN16.D0125','LA206022601','SS304 LOOSE UNI 6090 PN 16 DN 125',NULL,NULL,55,0,4.36,NULL,NULL,NULL,4.36,NULL,'E02','netto',2,'2026-02-19 04:47:42','2026-02-06',NULL,'2026-02-18 21:47:42','2026-02-18 21:47:42'),(184,NULL,'ET557','4.1071UNIPN16.D0125','LA206022602','SS304 LOOSE UNI 6090 PN 16 DN 125',NULL,NULL,35,0,4.36,NULL,NULL,NULL,4.36,NULL,'E02','netto',2,'2026-02-19 04:47:42','2026-02-06',NULL,'2026-02-18 21:47:42','2026-02-18 21:47:42'),(185,NULL,'ET459','4.1011ENPN10.D0300','LA206022603','SS304 EN1092-1 PN 10 12\" DN 300',NULL,NULL,10,0,13.76,NULL,NULL,NULL,13.76,NULL,'E02','netto',3,'2026-02-19 04:47:42','2026-02-06',NULL,'2026-02-18 21:47:42','2026-02-18 21:47:42'),(186,NULL,'ET459','4.1011ENPN10.D0300','LA206022604','SS304 EN1092-1 PN 10 12\" DN 300',NULL,NULL,11,0,13.76,NULL,NULL,NULL,13.76,NULL,'E02','netto',3,'2026-02-19 04:47:42','2026-02-06',NULL,'2026-02-18 21:47:42','2026-02-18 21:47:42'),(187,NULL,'ET459','4.1011ENPN10.D0300','LA206022605','SS304 EN1092-1 PN 10 12\" DN 300',NULL,NULL,4,0,13.76,NULL,NULL,NULL,13.76,NULL,'E02','netto',3,'2026-02-19 04:47:42','2026-02-06',NULL,'2026-02-18 21:47:42','2026-02-18 21:47:42'),(188,NULL,'ET464','4.1011ENPN16.D0250','LA206022602','SS304 EN1092-1 PN 16 DN 250',NULL,NULL,2,0,14.21,NULL,NULL,NULL,14.21,NULL,'E02','netto',3,'2026-02-19 04:47:42','2026-02-06',NULL,'2026-02-18 21:47:42','2026-02-18 21:47:42'),(189,NULL,'ET464','4.1011ENPN16.D0250','LA206022603','SS304 EN1092-1 PN 16 DN 250',NULL,NULL,8,0,14.21,NULL,NULL,NULL,14.21,NULL,'E02','netto',3,'2026-02-19 04:47:42','2026-02-06',NULL,'2026-02-18 21:47:42','2026-02-18 21:47:42'),(190,NULL,'ET464','4.1011ENPN16.D0250','LA206022604','SS304 EN1092-1 PN 16 DN 250',NULL,NULL,11,0,14.21,NULL,NULL,NULL,14.21,NULL,'E02','netto',3,'2026-02-19 04:47:42','2026-02-06',NULL,'2026-02-18 21:47:42','2026-02-18 21:47:42'),(191,NULL,'ET464','4.1011ENPN16.D0250','LA206022605','SS304 EN1092-1 PN 16 DN 250',NULL,NULL,16,0,14.21,NULL,NULL,NULL,14.21,NULL,'E02','netto',3,'2026-02-19 04:47:42','2026-02-06',NULL,'2026-02-18 21:47:42','2026-02-18 21:47:42'),(192,NULL,'ET464','4.1011ENPN16.D0250','LA206022606','SS304 EN1092-1 PN 16 DN 250',NULL,NULL,14,0,14.21,NULL,NULL,NULL,14.21,NULL,'E02','netto',3,'2026-02-19 04:47:42','2026-02-06',NULL,'2026-02-18 21:47:42','2026-02-18 21:47:42'),(193,NULL,'ET464','4.1011ENPN16.D0250','LA206022607','SS304 EN1092-1 PN 16 DN 250',NULL,NULL,18,0,14.21,NULL,NULL,NULL,14.21,NULL,'E02','netto',3,'2026-02-19 04:47:42','2026-02-06',NULL,'2026-02-18 21:47:42','2026-02-18 21:47:42'),(194,NULL,'ET464','4.1011ENPN16.D0250','LA206022608','SS304 EN1092-1 PN 16 DN 250',NULL,NULL,17,0,14.21,NULL,NULL,NULL,14.21,NULL,'E02','netto',3,'2026-02-19 04:47:42','2026-02-06',NULL,'2026-02-18 21:47:42','2026-02-18 21:47:42'),(195,NULL,'ET464','4.1011ENPN16.D0250','LA206022609','SS304 EN1092-1 PN 16 DN 250',NULL,NULL,17,0,14.21,NULL,NULL,NULL,14.21,NULL,'E02','netto',3,'2026-02-19 04:47:42','2026-02-06',NULL,'2026-02-18 21:47:42','2026-02-18 21:47:42'),(196,NULL,'ETB502','4.1012UNIPN06.D0050','LP406022610','SS316 UNI 2276 PN 6 DN 50',NULL,NULL,32,0,1.31,NULL,NULL,NULL,1.31,NULL,'E02','netto',1,'2026-02-19 04:47:42','2026-02-06',NULL,'2026-02-18 21:47:42','2026-02-18 21:47:42'),(197,NULL,'CRB14','4.1142.D0065','P406022610','SS316 SQUARE DN 65',NULL,NULL,60,0,0.90,NULL,NULL,NULL,0.90,NULL,'E04','netto',2,'2026-02-19 04:47:42','2026-02-06',NULL,'2026-02-18 21:47:42','2026-02-18 21:47:42'),(198,NULL,'BA12','4.1051DINPN40.A0200','A206022606','SS304 BLIND DIN 2527 PN 40 8\"',NULL,NULL,2,0,27.37,NULL,NULL,NULL,27.37,NULL,'A00','netto',3,'2026-02-19 04:47:42','2026-02-06',NULL,'2026-02-18 21:47:42','2026-02-18 21:47:42'),(199,NULL,'LA204','4.105110K.A0300','A206022609','SS304 BLIND JIS 10K 12\"',NULL,NULL,5,0,27.98,NULL,NULL,NULL,27.98,NULL,'A00','netto',3,'2026-02-19 04:47:42','2026-02-06',NULL,'2026-02-18 21:47:42','2026-02-18 21:47:42'),(200,45,'UNB44','4.1091150LB.A0050','A406022602','SS304 SORF ANSI 150LBS 2\"',NULL,NULL,24,0,2.06,NULL,NULL,NULL,2.06,'SE-2026-005','A02','netto',1,'2026-02-19 04:47:42','2026-02-06',NULL,'2026-02-18 21:47:42','2026-02-18 21:47:42'),(201,45,'UNB44','4.1091150LB.A0050','A406022603','SS304 SORF ANSI 150LBS 2\"',NULL,NULL,24,0,2.06,NULL,NULL,NULL,2.06,'SE-2026-005','A02','netto',1,'2026-02-19 04:47:42','2026-02-06',NULL,'2026-02-18 21:47:42','2026-02-18 21:47:42'),(202,45,'UNB44','4.1091150LB.A0050','A406022604','SS304 SORF ANSI 150LBS 2\"',NULL,NULL,24,0,2.06,NULL,NULL,NULL,2.06,'SE-2026-005','A02','netto',1,'2026-02-19 04:47:42','2026-02-06',NULL,'2026-02-18 21:47:42','2026-02-18 21:47:42'),(203,45,'UNB44','4.1091150LB.A0050','A406022605','SS304 SORF ANSI 150LBS 2\"',NULL,NULL,24,0,2.06,NULL,NULL,NULL,2.06,'SE-2026-005','A02','netto',1,'2026-02-19 04:47:42','2026-02-06',NULL,'2026-02-18 21:47:42','2026-02-18 21:47:42'),(204,45,'UNB44','4.1091150LB.A0050','A406022606','SS304 SORF ANSI 150LBS 2\"',NULL,NULL,48,0,2.06,NULL,NULL,NULL,2.06,'SE-2026-005','A02','netto',1,'2026-02-19 04:47:42','2026-02-06',NULL,'2026-02-18 21:47:42','2026-02-18 21:47:42'),(205,NULL,'ILB225','4.1021ENPN16ILRED.D0015','A407022602','SS304 REDUCED PN 16 T10 DN 15',NULL,NULL,126,0,0.48,NULL,NULL,NULL,0.48,NULL,'E01','netto',1,'2026-02-19 04:48:26','2026-02-07',NULL,'2026-02-18 21:48:26','2026-02-18 22:52:02'),(206,NULL,'CRB01','4.1011UNIPN06.D0025','A407022602','SS304 UNI 2276 PN 6 DN 25',NULL,NULL,28,0,0.62,NULL,NULL,NULL,0.62,NULL,'E04','netto',1,'2026-02-19 04:48:26','2026-02-07',NULL,'2026-02-18 21:48:26','2026-02-18 22:52:02'),(207,NULL,'CRB01','4.1011UNIPN06.D0025','A407022604','SS304 UNI 2276 PN 6 DN 25',NULL,NULL,56,0,0.62,NULL,NULL,NULL,0.62,NULL,'E04','netto',1,'2026-02-19 04:48:26','2026-02-07',NULL,'2026-02-18 21:48:26','2026-02-18 22:52:02'),(208,NULL,'CRB01','4.1011UNIPN06.D0025','A407022605','SS304 UNI 2276 PN 6 DN 25',NULL,NULL,28,0,0.62,NULL,NULL,NULL,0.62,NULL,'E04','netto',1,'2026-02-19 04:48:26','2026-02-07',NULL,'2026-02-18 21:48:26','2026-02-18 22:52:02'),(209,45,'UNB44','4.1091150LB.A0050','A407022602','SS304 SORF ANSI 150LBS 2\"',NULL,NULL,12,0,2.06,NULL,NULL,NULL,2.06,'SE-2026-005','A02','netto',1,'2026-02-19 04:48:26','2026-02-07',NULL,'2026-02-18 21:48:26','2026-02-18 22:52:02'),(210,45,'UNB44','4.1091150LB.A0050','A407022603','SS304 SORF ANSI 150LBS 2\"',NULL,NULL,36,0,2.06,NULL,NULL,NULL,2.06,'SE-2026-005','A02','netto',1,'2026-02-19 04:48:26','2026-02-07',NULL,'2026-02-18 21:48:26','2026-02-18 22:52:02'),(211,45,'UNB44','4.1091150LB.A0050','A407022604','SS304 SORF ANSI 150LBS 2\"',NULL,NULL,24,0,2.06,NULL,NULL,NULL,2.06,'SE-2026-005','A02','netto',1,'2026-02-19 04:48:26','2026-02-07',NULL,'2026-02-18 21:48:26','2026-02-18 22:52:02'),(212,45,'UNB44','4.1091150LB.A0050','A407022605','SS304 SORF ANSI 150LBS 2\"',NULL,NULL,48,0,2.06,NULL,NULL,NULL,2.06,'SE-2026-005','A02','netto',1,'2026-02-19 04:48:26','2026-02-07',NULL,'2026-02-18 21:48:26','2026-02-18 22:52:02'),(213,NULL,'BA43','4.105110KNS.A0065','A208022601','SS304 BLIND JIS 10K NS 2-1/2\"',NULL,NULL,46,0,2.53,4.72,3.82,NULL,2.53,NULL,'A00','netto',2,'2026-02-26 06:07:58','2026-02-08',NULL,'2026-02-26 06:07:58','2026-02-26 06:07:58'),(214,NULL,'BA43','4.105110KNS.A0065','A208022602','SS304 BLIND JIS 10K NS 2-1/2\"',NULL,NULL,14,0,2.53,4.72,3.82,NULL,2.53,NULL,'A00','netto',2,'2026-02-26 06:07:58','2026-02-08',NULL,'2026-02-26 06:07:58','2026-02-26 06:07:58'),(215,NULL,'BA44','4.105110KNS.A0080','A208022601','SS304 BLIND JIS 10K NS 3\"',NULL,NULL,30,0,2.72,4.91,4.15,NULL,2.72,NULL,'A00','netto',2,'2026-02-26 06:07:58','2026-02-08',NULL,'2026-02-26 06:07:58','2026-02-26 06:07:58'),(216,NULL,'BA53','4.105110KNS.A0080','A208022601','SS304 BLIND JIS 10K NS 3\"',NULL,NULL,16,0,2.72,4.91,4.15,NULL,2.72,NULL,'A00','netto',2,'2026-02-26 06:07:58','2026-02-08',NULL,'2026-02-26 06:07:58','2026-02-26 06:07:58'),(217,NULL,'BA53','4.105110KNS.A0080','A208022602','SS304 BLIND JIS 10K NS 3\"',NULL,NULL,14,0,2.72,4.91,4.15,NULL,2.72,NULL,'A00','netto',2,'2026-02-26 06:07:58','2026-02-08',NULL,'2026-02-26 06:07:58','2026-02-26 06:07:58'),(218,NULL,'BA25','4.101110K.A0350','A208022609','SS304 JIS 10K 14\"',NULL,NULL,13,0,16.42,36.52,26.84,NULL,16.42,NULL,'A00','netto',4,'2026-02-26 06:07:58','2026-02-08',NULL,'2026-02-26 06:07:58','2026-02-26 06:07:58'),(219,119,'S585','4.101110K.A0050','A208022602','SS304 JIS 10K 2\"',NULL,NULL,96,0,1.87,3.35,2.86,NULL,1.87,'SE-2026-007','STOK NON PO','netto',1,'2026-02-26 06:07:58','2026-02-08',NULL,'2026-02-26 06:07:58','2026-02-26 06:07:58'),(220,NULL,'S585','4.101110K.A0050','A208022603','SS304 JIS 10K 2\"',NULL,NULL,136,0,1.87,3.35,2.86,NULL,1.87,NULL,'STOK NON PO','netto',1,'2026-02-26 06:07:58','2026-02-08',NULL,'2026-02-26 06:07:58','2026-02-26 06:07:58'),(221,NULL,'S585','4.101110K.A0050','A208022604','SS304 JIS 10K 2\"',NULL,NULL,112,0,1.87,3.35,2.86,NULL,1.87,NULL,'STOK NON PO','netto',1,'2026-02-26 06:07:58','2026-02-08',NULL,'2026-02-26 06:07:58','2026-02-26 06:07:58'),(222,NULL,'S585','4.101110K.A0050','A208022605','SS304 JIS 10K 2\"',NULL,NULL,136,0,1.87,3.35,2.86,NULL,1.87,NULL,'STOK NON PO','netto',1,'2026-02-26 06:07:58','2026-02-08',NULL,'2026-02-26 06:07:58','2026-02-26 06:07:58'),(223,NULL,'S585','4.101110K.A0050','A208022606','SS304 JIS 10K 2\"',NULL,NULL,108,0,1.87,3.35,2.86,NULL,1.87,NULL,'STOK NON PO','netto',1,'2026-02-26 06:07:58','2026-02-08',NULL,'2026-02-26 06:07:58','2026-02-26 06:07:58'),(224,NULL,'S585','4.101110K.A0050','A208022607','SS304 JIS 10K 2\"',NULL,NULL,136,0,1.87,3.35,2.86,NULL,1.87,NULL,'STOK NON PO','netto',1,'2026-02-26 06:07:58','2026-02-08',NULL,'2026-02-26 06:07:58','2026-02-26 06:07:58'),(225,NULL,'S585','4.101110K.A0050','A208022608','SS304 JIS 10K 2\"',NULL,NULL,136,0,1.87,3.35,2.86,NULL,1.87,NULL,'STOK NON PO','netto',1,'2026-02-26 06:07:59','2026-02-08',NULL,'2026-02-26 06:07:59','2026-02-26 06:07:59'),(226,NULL,'S585','4.101110K.A0050','A208022609','SS304 JIS 10K 2\"',NULL,NULL,36,0,1.87,3.35,2.86,NULL,1.87,NULL,'STOK NON PO','netto',1,'2026-02-26 06:07:59','2026-02-08',NULL,'2026-02-26 06:07:59','2026-02-26 06:07:59'),(227,NULL,'ET570','4.1081UNIPN16RED.D0050.T10','LA209022604','SS304 REDUCED LOOSE UNI 6090 PN 16 T10 DN 50',NULL,NULL,84,0,1.36,2.97,2.46,NULL,1.36,NULL,'E02','netto',1,'2026-02-26 06:08:52','2026-02-09',NULL,'2026-02-26 06:08:52','2026-02-26 06:08:52'),(228,NULL,'ET570','4.1081UNIPN16RED.D0050.T10','LA209022605','SS304 REDUCED LOOSE UNI 6090 PN 16 T10 DN 50',NULL,NULL,128,0,1.36,2.97,2.46,NULL,1.36,NULL,'E02','netto',1,'2026-02-26 06:08:52','2026-02-09',NULL,'2026-02-26 06:08:52','2026-02-26 06:08:52'),(229,NULL,'ET570','4.1081UNIPN16RED.D0050.T10','LA209022606','SS304 REDUCED LOOSE UNI 6090 PN 16 T10 DN 50',NULL,NULL,116,0,1.36,2.97,2.46,NULL,1.36,NULL,'E02','netto',1,'2026-02-26 06:08:52','2026-02-09',NULL,'2026-02-26 06:08:52','2026-02-26 06:08:52'),(230,NULL,'ET570','4.1081UNIPN16RED.D0050.T10','LA209022607','SS304 REDUCED LOOSE UNI 6090 PN 16 T10 DN 50',NULL,NULL,28,0,1.36,2.97,2.46,NULL,1.36,NULL,'E02','netto',1,'2026-02-26 06:08:52','2026-02-09',NULL,'2026-02-26 06:08:52','2026-02-26 06:08:52'),(231,NULL,'ET484','4.1011UNIPN16.D0015','LA209022604','SS304 UNI 2278 PN 16 DN 15',NULL,NULL,186,0,0.57,1.16,0.93,NULL,0.57,NULL,'E02','netto',1,'2026-02-26 06:08:52','2026-02-09',NULL,'2026-02-26 06:08:52','2026-02-26 06:08:52'),(232,NULL,'ET484','4.1011UNIPN16.D0015','LA209022608','SS304 UNI 2278 PN 16 DN 15',NULL,NULL,162,0,0.57,1.16,0.93,NULL,0.57,NULL,'E02','netto',1,'2026-02-26 06:08:53','2026-02-09',NULL,'2026-02-26 06:08:53','2026-02-26 06:08:53'),(233,NULL,'ET536','4.1051UNIPN10.D0350','LA209022609','SS304 BLIND UNI 6092 PN 10 DN 350',NULL,NULL,1,0,39.64,84.76,62.42,NULL,39.64,NULL,'E02','netto',4,'2026-02-26 06:08:53','2026-02-09',NULL,'2026-02-26 06:08:53','2026-02-26 06:08:53'),(234,NULL,'ET416','4.1051UNIPN10.D0500','LA209022609','SS304 BLIND UNI 6092 PN 10 DN 500',NULL,NULL,1,0,75.33,129.00,106.04,NULL,75.33,NULL,'E02','netto',4,'2026-02-26 06:08:53','2026-02-09',NULL,'2026-02-26 06:08:53','2026-02-26 06:08:53'),(235,NULL,'ET463','4.1011ENPN16.D0150','LA209022607','SS304 EN1092-1 PN 16 DN 150',NULL,NULL,11,0,7.22,12.24,10.16,NULL,7.22,NULL,'E02','netto',3,'2026-02-26 06:08:53','2026-02-09',NULL,'2026-02-26 06:08:53','2026-02-26 06:08:53'),(236,NULL,'ET463','4.1011ENPN16.D0150','LA209022608','SS304 EN1092-1 PN 16 DN 150',NULL,NULL,15,0,7.22,12.24,10.16,NULL,7.22,NULL,'E02','netto',3,'2026-02-26 06:08:53','2026-02-09',NULL,'2026-02-26 06:08:53','2026-02-26 06:08:53'),(237,NULL,'ET463','4.1011ENPN16.D0150','LA209022609','SS304 EN1092-1 PN 16 DN 150',NULL,NULL,12,0,7.22,12.24,10.16,NULL,7.22,NULL,'E02','netto',3,'2026-02-26 06:08:53','2026-02-09',NULL,'2026-02-26 06:08:53','2026-02-26 06:08:53'),(238,NULL,'ET464','4.1011ENPN16.D0250','LA209022607','SS304 EN1092-1 PN 16 DN 250',NULL,NULL,7,0,14.21,33.56,29.19,NULL,14.21,NULL,'E02','netto',3,'2026-02-26 06:08:53','2026-02-09',NULL,'2026-02-26 06:08:53','2026-02-26 06:08:53'),(239,NULL,'ET480','4.1011UNIPN06.D0400','LA209022609','SS304 UNI 2276 PN 6 DN 400',NULL,NULL,2,0,20.33,47.00,34.70,NULL,20.33,NULL,'E02','netto',4,'2026-02-26 06:08:53','2026-02-09',NULL,'2026-02-26 06:08:53','2026-02-26 06:08:53'),(240,NULL,'ET550','4.1071UNIPN10.D0250','LA209022611','SS304 LOOSE UNI 6089 PN 10 DN 250',NULL,NULL,13,0,9.82,17.22,15.08,NULL,9.82,NULL,'E02','netto',3,'2026-02-26 06:08:53','2026-02-09',NULL,'2026-02-26 06:08:53','2026-02-26 06:08:53'),(241,NULL,'ET550','4.1071UNIPN10.D0250','LA209022612','SS304 LOOSE UNI 6089 PN 10 DN 250',NULL,NULL,13,0,9.82,17.22,15.08,NULL,9.82,NULL,'E02','netto',3,'2026-02-26 06:08:53','2026-02-09',NULL,'2026-02-26 06:08:53','2026-02-26 06:08:53'),(242,NULL,'ET550','4.1071UNIPN10.D0250','LA209022613','SS304 LOOSE UNI 6089 PN 10 DN 250',NULL,NULL,2,0,9.82,17.22,15.08,NULL,9.82,NULL,'E02','netto',3,'2026-02-26 06:08:53','2026-02-09',NULL,'2026-02-26 06:08:53','2026-02-26 06:08:53'),(243,NULL,'ET511','4.1021UNIPN10RED.D0300.T18','LA209022611','SS304 REDUCED UNI 2277 PN 10 T18 DN 300',NULL,NULL,13,0,9.54,19.06,16.06,NULL,9.54,NULL,'E02','netto',3,'2026-02-26 06:08:53','2026-02-09',NULL,'2026-02-26 06:08:53','2026-02-26 06:08:53'),(244,NULL,'ET511','4.1021UNIPN10RED.D0300.T18','LA209022612','SS304 REDUCED UNI 2277 PN 10 T18 DN 300',NULL,NULL,13,0,9.54,19.06,16.06,NULL,9.54,NULL,'E02','netto',3,'2026-02-26 06:08:53','2026-02-09',NULL,'2026-02-26 06:08:53','2026-02-26 06:08:53'),(245,NULL,'ET511','4.1021UNIPN10RED.D0300.T18','LA209022613','SS304 REDUCED UNI 2277 PN 10 T18 DN 300',NULL,NULL,11,0,9.54,19.06,16.06,NULL,9.54,NULL,'E02','netto',3,'2026-02-26 06:08:53','2026-02-09',NULL,'2026-02-26 06:08:53','2026-02-26 06:08:53'),(246,NULL,'ET511','4.1021UNIPN10RED.D0300.T18','LA209022614','SS304 REDUCED UNI 2277 PN 10 T18 DN 300',NULL,NULL,11,0,9.54,19.06,16.06,NULL,9.54,NULL,'E02','netto',3,'2026-02-26 06:08:53','2026-02-09',NULL,'2026-02-26 06:08:53','2026-02-26 06:08:53'),(247,NULL,'ET511','4.1021UNIPN10RED.D0300.T18','LA209022615','SS304 REDUCED UNI 2277 PN 10 T18 DN 300',NULL,NULL,22,0,9.54,19.06,16.06,NULL,9.54,NULL,'E02','netto',3,'2026-02-26 06:08:53','2026-02-09',NULL,'2026-02-26 06:08:53','2026-02-26 06:08:53'),(248,NULL,'ET511','4.1021UNIPN10RED.D0300.T18','LA209022616','SS304 REDUCED UNI 2277 PN 10 T18 DN 300',NULL,NULL,11,0,9.54,19.06,16.06,NULL,9.54,NULL,'E02','netto',3,'2026-02-26 06:08:53','2026-02-09',NULL,'2026-02-26 06:08:53','2026-02-26 06:08:53'),(249,NULL,'ET511','4.1021UNIPN10RED.D0300.T18','LA209022617','SS304 REDUCED UNI 2277 PN 10 T18 DN 300',NULL,NULL,23,0,9.54,19.06,16.06,NULL,9.54,NULL,'E02','netto',3,'2026-02-26 06:08:53','2026-02-09',NULL,'2026-02-26 06:08:53','2026-02-26 06:08:53'),(250,NULL,'ET511','4.1021UNIPN10RED.D0300.T18','LA209022618','SS304 REDUCED UNI 2277 PN 10 T18 DN 300',NULL,NULL,18,0,9.54,19.06,16.06,NULL,9.54,NULL,'E02','netto',3,'2026-02-26 06:08:53','2026-02-09',NULL,'2026-02-26 06:08:53','2026-02-26 06:08:53'),(251,NULL,'ET511','4.1021UNIPN10RED.D0300.T18','LA209022619','SS304 REDUCED UNI 2277 PN 10 T18 DN 300',NULL,NULL,4,0,9.54,19.06,16.06,NULL,9.54,NULL,'E02','netto',3,'2026-02-26 06:08:53','2026-02-09',NULL,'2026-02-26 06:08:53','2026-02-26 06:08:53'),(252,NULL,'ET568','4.1081UNIPN10RED.D0300.T20','LA209022613','SS304 REDUCED LOOSE UNI 6089 PN 10 T20 DN 300',NULL,NULL,9,0,10.38,18.58,15.78,NULL,10.38,NULL,'E02','netto',3,'2026-02-26 06:08:53','2026-02-09',NULL,'2026-02-26 06:08:53','2026-02-26 06:08:53'),(253,NULL,'ET568','4.1081UNIPN10RED.D0300.T20','LA209022614','SS304 REDUCED LOOSE UNI 6089 PN 10 T20 DN 300',NULL,NULL,11,0,10.38,18.58,15.78,NULL,10.38,NULL,'E02','netto',3,'2026-02-26 06:08:53','2026-02-09',NULL,'2026-02-26 06:08:53','2026-02-26 06:08:53'),(254,NULL,'ET480','4.1011UNIPN06.D0400','LA209022616','SS304 UNI 2276 PN 6 DN 400',NULL,NULL,3,0,20.33,45.00,34.70,NULL,20.33,NULL,'E02','netto',4,'2026-02-26 06:08:53','2026-02-09',NULL,'2026-02-26 06:08:53','2026-02-26 06:08:53'),(255,NULL,'ET480','4.1011UNIPN06.D0400','LA209022619','SS304 UNI 2276 PN 6 DN 400',NULL,NULL,10,0,20.33,45.00,34.70,NULL,20.33,NULL,'E02','netto',4,'2026-02-26 06:08:53','2026-02-09',NULL,'2026-02-26 06:08:53','2026-02-26 06:08:53'),(256,NULL,'CRB16','4.1012UNIPN06.D0050','P409022603','SS316 UNI 2276 PN 6 DN 50',NULL,NULL,112,0,1.31,NULL,NULL,NULL,1.31,NULL,'E04','netto',1,'2026-02-26 06:08:53','2026-02-09',NULL,'2026-02-26 06:08:53','2026-02-26 06:08:53'),(257,NULL,'BA55','4.1092300LB.A0150','P209022601','SS316 SORF ANSI 300LBS 6\"',NULL,NULL,4,0,15.75,NULL,NULL,NULL,15.75,NULL,'A00','netto',3,'2026-02-26 06:08:53','2026-02-09',NULL,'2026-02-26 06:08:53','2026-02-26 06:08:53'),(258,NULL,'BA55','4.1092300LB.A0150','P209022602','SS316 SORF ANSI 300LBS 6\"',NULL,NULL,11,0,15.75,NULL,NULL,NULL,15.75,NULL,'A00','netto',3,'2026-02-26 06:08:53','2026-02-09',NULL,'2026-02-26 06:08:53','2026-02-26 06:08:53'),(259,202,'BA61','4.1062150LB.A0050','P209022601','SS316 BLIND RAISED ANSI 150LBS 2\"',NULL,NULL,24,0,2.45,NULL,NULL,NULL,2.45,'SE-2026-005','A00','netto',1,'2026-02-26 06:08:53','2026-02-09',NULL,'2026-02-26 06:08:53','2026-02-26 06:08:53'),(260,NULL,'BA62','4.1062150LB.A0100','P209022601','SS316 BLIND RAISED ANSI 150LBS 4\"',NULL,NULL,20,0,7.10,NULL,NULL,NULL,7.10,NULL,'A00','netto',2,'2026-02-26 06:08:53','2026-02-09',NULL,'2026-02-26 06:08:53','2026-02-26 06:08:53'),(261,NULL,'BA25','4.101110K.A0350','A209022609','SS304 JIS 10K 14\"',NULL,NULL,4,0,16.42,NULL,NULL,NULL,16.42,NULL,'A00','netto',4,'2026-02-26 06:08:53','2026-02-09',NULL,'2026-02-26 06:08:53','2026-02-26 06:08:53'),(262,129,'S577','4.101210K.A0100','P209022602','SS316 JIS 10K 4\"',NULL,NULL,16,0,3.11,5.37,4.63,NULL,3.11,'SE-2026-007','STOK NON PO','netto',2,'2026-02-26 06:08:53','2026-02-09',NULL,'2026-02-26 06:08:53','2026-02-26 06:08:53'),(263,129,'S577','4.101210K.A0100','P209022603','SS316 JIS 10K 4\"',NULL,NULL,64,0,3.11,5.37,4.63,NULL,3.11,'SE-2026-007','STOK NON PO','netto',2,'2026-02-26 06:08:53','2026-02-09',NULL,'2026-02-26 06:08:53','2026-02-26 06:08:53'),(264,180,'UN55','4.101210KID.A0100','P209022603','SS316 JIS 10K ID116.1 4\"',NULL,NULL,50,0,3.09,NULL,NULL,NULL,3.09,'SE-2026-005','A02','netto',2,'2026-02-26 06:08:53','2026-02-09',NULL,'2026-02-26 06:08:53','2026-02-26 06:08:53'),(265,NULL,'IL243','4.1011ENPN10IL.D0250','A210022606','SS304 PN 10 DN 250',NULL,NULL,2,0,11.94,19.34,16.72,NULL,11.94,NULL,'E01','netto',3,'2026-02-26 06:10:22','2026-02-10',NULL,'2026-02-26 06:10:22','2026-02-26 06:10:22'),(266,NULL,'ET511','4.1021UNIPN10RED.D0300.T18','LA210022601','SS304 REDUCED UNI 2277 PN 10 T18 DN 300',NULL,NULL,24,0,9.54,19.06,16.06,NULL,9.54,NULL,'E02','netto',3,'2026-02-26 06:10:22','2026-02-10',NULL,'2026-02-26 06:10:22','2026-02-26 06:10:22'),(267,NULL,'ET511','4.1021UNIPN10RED.D0300.T18','LA210022602','SS304 REDUCED UNI 2277 PN 10 T18 DN 300',NULL,NULL,4,0,9.54,19.06,16.06,NULL,9.54,NULL,'E02','netto',3,'2026-02-26 06:10:22','2026-02-10',NULL,'2026-02-26 06:10:22','2026-02-26 06:10:22'),(268,NULL,'ET570','4.1081UNIPN16RED.D0050.T10','LA210022602','SS304 REDUCED LOOSE UNI 6090 PN 16 T10 DN 50',NULL,NULL,132,0,1.36,2.97,2.46,NULL,1.36,NULL,'E02','netto',1,'2026-02-26 06:10:22','2026-02-10',NULL,'2026-02-26 06:10:22','2026-02-26 06:10:22'),(269,NULL,'ET570','4.1081UNIPN16RED.D0050.T10','LA210022603','SS304 REDUCED LOOSE UNI 6090 PN 16 T10 DN 50',NULL,NULL,84,0,1.36,2.97,2.46,NULL,1.36,NULL,'E02','netto',1,'2026-02-26 06:10:22','2026-02-10',NULL,'2026-02-26 06:10:22','2026-02-26 06:10:22'),(270,NULL,'ET570','4.1081UNIPN16RED.D0050.T10','LA210022604','SS304 REDUCED LOOSE UNI 6090 PN 16 T10 DN 50',NULL,NULL,144,0,1.36,2.97,2.46,NULL,1.36,NULL,'E02','netto',1,'2026-02-26 06:10:22','2026-02-10',NULL,'2026-02-26 06:10:22','2026-02-26 06:10:22'),(271,NULL,'ET463','4.1011ENPN16.D0150','LA210022605','SS304 EN1092-1 PN 16 DN 150',NULL,NULL,15,0,7.22,12.24,10.16,NULL,7.22,NULL,'E02','netto',3,'2026-02-26 06:10:22','2026-02-10',NULL,'2026-02-26 06:10:22','2026-02-26 06:10:22'),(272,NULL,'ET463','4.1011ENPN16.D0150','LA210022606','SS304 EN1092-1 PN 16 DN 150',NULL,NULL,28,0,7.22,12.24,10.16,NULL,7.22,NULL,'E02','netto',3,'2026-02-26 06:10:22','2026-02-10',NULL,'2026-02-26 06:10:22','2026-02-26 06:10:22'),(273,NULL,'ET463','4.1011ENPN16.D0150','LA210022607','SS304 EN1092-1 PN 16 DN 150',NULL,NULL,30,0,7.22,12.24,10.16,NULL,7.22,NULL,'E02','netto',3,'2026-02-26 06:10:22','2026-02-10',NULL,'2026-02-26 06:10:22','2026-02-26 06:10:22'),(274,NULL,'ET463','4.1011ENPN16.D0150','LA210022608','SS304 EN1092-1 PN 16 DN 150',NULL,NULL,21,0,7.22,12.24,10.16,NULL,7.22,NULL,'E02','netto',3,'2026-02-26 06:10:22','2026-02-10',NULL,'2026-02-26 06:10:22','2026-02-26 06:10:22'),(275,NULL,'ET463','4.1011ENPN16.D0150','LA210022609','SS304 EN1092-1 PN 16 DN 150',NULL,NULL,20,0,7.22,12.24,10.16,NULL,7.22,NULL,'E02','netto',3,'2026-02-26 06:10:22','2026-02-10',NULL,'2026-02-26 06:10:22','2026-02-26 06:10:22'),(276,NULL,'ET484','4.1011UNIPN16.D0015','LA210022603','SS304 UNI 2278 PN 16 DN 15',NULL,NULL,180,0,0.57,45.00,34.70,NULL,0.57,NULL,'E02','netto',1,'2026-02-26 06:10:22','2026-02-10',NULL,'2026-02-26 06:10:22','2026-02-26 06:10:22'),(277,NULL,'ET511','4.1021UNIPN10RED.D0300.T18','LA210022611','SS304 REDUCED UNI 2277 PN 10 T18 DN 300',NULL,NULL,13,0,9.54,19.06,16.06,NULL,9.54,NULL,'E02','netto',3,'2026-02-26 06:10:22','2026-02-10',NULL,'2026-02-26 06:10:22','2026-02-26 06:10:22'),(278,NULL,'ET511','4.1021UNIPN10RED.D0300.T18','LA210022612','SS304 REDUCED UNI 2277 PN 10 T18 DN 300',NULL,NULL,8,0,9.54,19.06,16.06,NULL,9.54,NULL,'E02','netto',3,'2026-02-26 06:10:22','2026-02-10',NULL,'2026-02-26 06:10:22','2026-02-26 06:10:22'),(279,NULL,'ET576','4.1081UNIPN16RED.D0200.T16','LA210022611','SS304 REDUCED LOOSE UNI 6090 PN 16 T16 DN 200',NULL,NULL,20,0,5.90,12.28,10.08,NULL,5.90,NULL,'E02','netto',3,'2026-02-26 06:10:22','2026-02-10',NULL,'2026-02-26 06:10:22','2026-02-26 06:10:22'),(280,NULL,'ET576','4.1081UNIPN16RED.D0200.T16','LA210022612','SS304 REDUCED LOOSE UNI 6090 PN 16 T16 DN 200',NULL,NULL,28,0,5.90,12.28,10.08,NULL,5.90,NULL,'E02','netto',3,'2026-02-26 06:10:22','2026-02-10',NULL,'2026-02-26 06:10:22','2026-02-26 06:10:22'),(281,NULL,'ET576','4.1081UNIPN16RED.D0200.T16','LA210022613','SS304 REDUCED LOOSE UNI 6090 PN 16 T16 DN 200',NULL,NULL,12,0,5.90,12.28,10.08,NULL,5.90,NULL,'E02','netto',3,'2026-02-26 06:10:22','2026-02-10',NULL,'2026-02-26 06:10:22','2026-02-26 06:10:22'),(282,NULL,'ETB526','4.1032SPC.MM6065','LP410022612','SS316 SPECIAL MM6065 DN 65',NULL,NULL,24,0,0.77,NULL,NULL,NULL,0.77,NULL,'E02','netto',2,'2026-02-26 06:10:22','2026-02-10',NULL,'2026-02-26 06:10:22','2026-02-26 06:10:22'),(283,NULL,'ET480','4.1011UNIPN06.D0400','LA210022609','SS304 UNI 2276 PN 6 DN 400',NULL,NULL,5,0,20.33,45.00,34.70,NULL,20.33,NULL,'E02','netto',4,'2026-02-26 06:10:22','2026-02-10',NULL,'2026-02-26 06:10:22','2026-02-26 06:10:22'),(284,NULL,'CRB15','4.1012UNIPN06.D0025','P410022610','SS316 UNI 2276 PN 6 DN 25',NULL,NULL,112,0,0.62,NULL,NULL,NULL,0.62,NULL,'E04','netto',1,'2026-02-26 06:10:22','2026-02-10',NULL,'2026-02-26 06:10:22','2026-02-26 06:10:22'),(285,NULL,'CRB16','4.1012UNIPN06.D0050','P410022612','SS316 UNI 2276 PN 6 DN 50',NULL,NULL,80,0,1.31,NULL,NULL,NULL,1.31,NULL,'E04','netto',1,'2026-02-26 06:10:22','2026-02-10',NULL,'2026-02-26 06:10:22','2026-02-26 06:10:22'),(286,NULL,'LA204','4.105110K.A0300','A210022606','SS304 BLIND JIS 10K 12\"',NULL,NULL,2,0,27.98,NULL,NULL,NULL,27.98,NULL,'A00','netto',3,'2026-02-26 06:10:22','2026-02-10',NULL,'2026-02-26 06:10:22','2026-02-26 06:10:22'),(287,122,'S605','4.101110K.A0150','A210022613','SS304 JIS 10K 6\"',NULL,NULL,13,0,6.33,11.10,9.52,NULL,6.33,'SE-2026-007','STOK NON PO','netto',3,'2026-02-26 06:10:22','2026-02-10',NULL,'2026-02-26 06:10:22','2026-02-26 06:10:22'),(288,122,'S605','4.101110K.A0150','A210022614','SS304 JIS 10K 6\"',NULL,NULL,22,0,6.33,11.10,9.52,NULL,6.33,'SE-2026-007','STOK NON PO','netto',3,'2026-02-26 06:10:23','2026-02-10',NULL,'2026-02-26 06:10:23','2026-02-26 06:10:23'),(289,206,'S631','4.1091150LB.A0025','A410022601','SS304 SORF ANSI 150LBS 1\"',NULL,NULL,32,0,0.78,NULL,NULL,NULL,0.78,'SE-2026-005','STOK NON PO','netto',1,'2026-02-26 06:10:23','2026-02-10',NULL,'2026-02-26 06:10:23','2026-02-26 06:10:23'),(290,206,'S631','4.1091150LB.A0025','A410022603','SS304 SORF ANSI 150LBS 1\"',NULL,NULL,16,0,0.78,NULL,NULL,NULL,0.78,'SE-2026-005','STOK NON PO','netto',1,'2026-02-26 06:10:23','2026-02-10',NULL,'2026-02-26 06:10:23','2026-02-26 06:10:23'),(291,206,'S631','4.1091150LB.A0025','A410022604','SS304 SORF ANSI 150LBS 1\"',NULL,NULL,32,0,0.78,NULL,NULL,NULL,0.78,'SE-2026-005','STOK NON PO','netto',1,'2026-02-26 06:10:23','2026-02-10',NULL,'2026-02-26 06:10:23','2026-02-26 06:10:23'),(292,206,'S631','4.1091150LB.A0025','A410022605','SS304 SORF ANSI 150LBS 1\"',NULL,NULL,32,0,0.78,NULL,NULL,NULL,0.78,'SE-2026-005','STOK NON PO','netto',1,'2026-02-26 06:10:23','2026-02-10',NULL,'2026-02-26 06:10:23','2026-02-26 06:10:23'),(293,206,'S631','4.1091150LB.A0025','A410022606','SS304 SORF ANSI 150LBS 1\"',NULL,NULL,64,0,0.78,NULL,NULL,NULL,0.78,'SE-2026-005','STOK NON PO','netto',1,'2026-02-26 06:10:23','2026-02-10',NULL,'2026-02-26 06:10:23','2026-02-26 06:10:23'),(294,NULL,'S631','4.1091150LB.A0025','A410022607','SS304 SORF ANSI 150LBS 1\"',NULL,NULL,16,0,0.78,NULL,NULL,NULL,0.78,NULL,'STOK NON PO','netto',1,'2026-02-26 06:10:23','2026-02-10',NULL,'2026-02-26 06:10:23','2026-02-26 06:10:23'),(295,207,'UNB44','4.1091150LB.A0050','A410022601','SS304 SORF ANSI 150LBS 2\"',NULL,NULL,48,0,2.06,NULL,NULL,NULL,2.06,'SE-2026-005','A02','netto',1,'2026-02-26 06:10:23','2026-02-10',NULL,'2026-02-26 06:10:23','2026-02-26 06:10:23'),(296,204,'UN41','4.1091150LB.A0015','A410022602','SS304 SORF ANSI 150LBS 1/2\"',NULL,NULL,56,0,0.40,NULL,NULL,NULL,0.40,'SE-2026-005','A02','netto',1,'2026-02-26 06:10:24','2026-02-10',NULL,'2026-02-26 06:10:24','2026-02-26 06:10:24'),(297,207,'UNB44','4.1091150LB.A0050','A410022604','SS304 SORF ANSI 150LBS 2\"',NULL,NULL,24,0,2.06,NULL,NULL,NULL,2.06,'SE-2026-005','A02','netto',1,'2026-02-26 06:10:24','2026-02-10',NULL,'2026-02-26 06:10:24','2026-02-26 06:10:24'),(298,207,'UNB44','4.1091150LB.A0050','A410022605','SS304 SORF ANSI 150LBS 2\"',NULL,NULL,24,0,2.06,NULL,NULL,NULL,2.06,'SE-2026-005','A02','netto',1,'2026-02-26 06:10:24','2026-02-10',NULL,'2026-02-26 06:10:24','2026-02-26 06:10:24'),(299,207,'UNB44','4.1091150LB.A0050','A410022606','SS304 SORF ANSI 150LBS 2\"',NULL,NULL,24,0,2.06,NULL,NULL,NULL,2.06,'SE-2026-005','A02','netto',1,'2026-02-26 06:10:24','2026-02-10',NULL,'2026-02-26 06:10:24','2026-02-26 06:10:24'),(300,207,'UNB44','4.1091150LB.A0050','A410022607','SS304 SORF ANSI 150LBS 2\"',NULL,NULL,60,0,2.06,NULL,NULL,NULL,2.06,'SE-2026-005','A02','netto',1,'2026-02-26 06:10:24','2026-02-10',NULL,'2026-02-26 06:10:24','2026-02-26 06:10:24'),(301,117,'AB06','4.101105K.A0400','A210022609','SS304 JIS 5K 16\"',NULL,NULL,5,0,17.01,NULL,NULL,NULL,17.01,'SE-2026-007','A06','netto',4,'2026-02-26 06:10:24','2026-02-10',NULL,'2026-02-26 06:10:24','2026-02-26 06:10:24'),(302,NULL,'AB08','4.101110K.A0050','A210022613','SS304 JIS 10K 2\"',NULL,NULL,40,0,1.87,NULL,NULL,NULL,1.87,NULL,'A06','netto',1,'2026-02-26 06:10:24','2026-02-10',NULL,'2026-02-26 06:10:24','2026-02-26 06:10:24'),(303,NULL,'AB08','4.101110K.A0050','A210022614','SS304 JIS 10K 2\"',NULL,NULL,64,0,1.87,NULL,NULL,NULL,1.87,NULL,'A06','netto',1,'2026-02-26 06:10:24','2026-02-10',NULL,'2026-02-26 06:10:24','2026-02-26 06:10:24'),(304,NULL,'ET463','4.1011ENPN16.D0150','LA211022602','SS304 EN1092-1 PN 16 DN 150',NULL,NULL,26,0,7.22,12.24,10.16,NULL,7.22,NULL,'E02','netto',3,'2026-02-26 06:11:58','2026-02-11',NULL,'2026-02-26 06:11:58','2026-02-26 06:11:58'),(305,NULL,'ET463','4.1011ENPN16.D0150','LA211022603','SS304 EN1092-1 PN 16 DN 150',NULL,NULL,18,0,7.22,12.24,10.16,NULL,7.22,NULL,'E02','netto',3,'2026-02-26 06:11:58','2026-02-11',NULL,'2026-02-26 06:11:58','2026-02-26 06:11:58'),(306,NULL,'ET463','4.1011ENPN16.D0150','LA211022604','SS304 EN1092-1 PN 16 DN 150',NULL,NULL,34,0,7.22,12.24,10.16,NULL,7.22,NULL,'E02','netto',3,'2026-02-26 06:11:58','2026-02-11',NULL,'2026-02-26 06:11:58','2026-02-26 06:11:58'),(307,NULL,'ET463','4.1011ENPN16.D0150','LA211022605','SS304 EN1092-1 PN 16 DN 150',NULL,NULL,37,0,7.22,12.24,10.16,NULL,7.22,NULL,'E02','netto',3,'2026-02-26 06:11:58','2026-02-11',NULL,'2026-02-26 06:11:58','2026-02-26 06:11:58'),(308,NULL,'ET463','4.1011ENPN16.D0150','LA211022606','SS304 EN1092-1 PN 16 DN 150',NULL,NULL,15,0,7.22,12.24,10.16,NULL,7.22,NULL,'E02','netto',3,'2026-02-26 06:11:58','2026-02-11',NULL,'2026-02-26 06:11:58','2026-02-26 06:11:58'),(309,NULL,'ET470','4.1011ENPN40.D0100','LA211022603','SS304 EN1092-1 PN 40 DN 100',NULL,NULL,23,0,6.14,10.20,8.82,NULL,6.14,NULL,'E02','netto',2,'2026-02-26 06:11:59','2026-02-11',NULL,'2026-02-26 06:11:59','2026-02-26 06:11:59'),(310,NULL,'ET470','4.1011ENPN40.D0100','LA211022606','SS304 EN1092-1 PN 40 DN 100',NULL,NULL,19,0,6.14,10.20,8.82,NULL,6.14,NULL,'E02','netto',2,'2026-02-26 06:11:59','2026-02-11',NULL,'2026-02-26 06:11:59','2026-02-26 06:11:59'),(311,NULL,'ET470','4.1011ENPN40.D0100','LA211022608','SS304 EN1092-1 PN 40 DN 100',NULL,NULL,29,0,6.14,10.20,8.82,NULL,6.14,NULL,'E02','netto',2,'2026-02-26 06:11:59','2026-02-11',NULL,'2026-02-26 06:11:59','2026-02-26 06:11:59'),(312,NULL,'ET470','4.1011ENPN40.D0100','LA211022610','SS304 EN1092-1 PN 40 DN 100',NULL,NULL,20,0,6.14,10.20,8.82,NULL,6.14,NULL,'E02','netto',2,'2026-02-26 06:11:59','2026-02-11',NULL,'2026-02-26 06:11:59','2026-02-26 06:11:59'),(313,NULL,'ET470','4.1011ENPN40.D0100','LA211022611','SS304 EN1092-1 PN 40 DN 100',NULL,NULL,20,0,6.14,10.20,8.82,NULL,6.14,NULL,'E02','netto',2,'2026-02-26 06:11:59','2026-02-11',NULL,'2026-02-26 06:11:59','2026-02-26 06:11:59'),(314,NULL,'ET532','4.1041SPC.D0080','LA211022612','SS304 SPECIAL RAISED ID90 OD150 T12 DN 80',NULL,NULL,60,0,1.00,2.60,1.66,NULL,1.00,NULL,'E02','netto',2,'2026-02-26 06:11:59','2026-02-11',NULL,'2026-02-26 06:11:59','2026-02-26 06:11:59'),(315,NULL,'ETB501','4.1012UNIPN06.D0040','LP411022611','SS316 UNI 2276 PN 6 DN 40',NULL,NULL,110,0,1.20,NULL,NULL,NULL,1.20,NULL,'E02','netto',1,'2026-02-26 06:11:59','2026-02-11',NULL,'2026-02-26 06:11:59','2026-02-26 06:11:59'),(316,NULL,'CRB01','4.1011UNIPN06.D0025','A411022605','SS304 UNI 2276 PN 6 DN 25',NULL,NULL,28,0,0.62,NULL,NULL,NULL,0.62,NULL,'E04','netto',1,'2026-02-26 06:11:59','2026-02-11',NULL,'2026-02-26 06:11:59','2026-02-26 06:11:59'),(317,NULL,'CRB16','4.1012UNIPN06.D0050','P411022611','SS316 UNI 2276 PN 6 DN 50',NULL,NULL,16,0,1.31,NULL,NULL,NULL,1.31,NULL,'E04','netto',1,'2026-02-26 06:11:59','2026-02-11',NULL,'2026-02-26 06:11:59','2026-02-26 06:11:59'),(318,NULL,'CRB16','4.1012UNIPN06.D0050','P411022612','SS316 UNI 2276 PN 6 DN 50',NULL,NULL,28,0,1.31,NULL,NULL,NULL,1.31,NULL,'E04','netto',1,'2026-02-26 06:11:59','2026-02-11',NULL,'2026-02-26 06:11:59','2026-02-26 06:11:59'),(319,NULL,'BA88','4.101110KNS.A0600','A211022609','SS304 JIS 10K NS 24\"',NULL,NULL,2,0,35.67,NULL,NULL,NULL,35.67,NULL,'A00','netto',4,'2026-02-26 06:11:59','2026-02-11',NULL,'2026-02-26 06:11:59','2026-02-26 06:11:59'),(320,NULL,'BA95','4.1031SPC.150LBRF.A0200.T21.6','A211022607','SS304 SPC ANSI150LB RF T21.6 8\"',NULL,NULL,24,0,8.37,NULL,NULL,NULL,8.37,NULL,'A00','netto',3,'2026-02-26 06:11:59','2026-02-11',NULL,'2026-02-26 06:11:59','2026-02-26 06:11:59'),(321,NULL,'BA95','4.1031SPC.150LBRF.A0200.T21.6','A211022609','SS304 SPC ANSI150LB RF T21.6 8\"',NULL,NULL,9,0,8.37,NULL,NULL,NULL,8.37,NULL,'A00','netto',3,'2026-02-26 06:11:59','2026-02-11',NULL,'2026-02-26 06:11:59','2026-02-26 06:11:59'),(322,NULL,'BA88','4.101110KNS.A0600','A211022618','SS304 JIS 10K NS 24\"',NULL,NULL,2,0,35.67,NULL,NULL,NULL,35.67,NULL,'A00','netto',4,'2026-02-26 06:11:59','2026-02-11',NULL,'2026-02-26 06:11:59','2026-02-26 06:11:59'),(323,NULL,'LA105','4.101110K.A0500','A211022618','SS304 JIS 10K 20\"',NULL,NULL,2,0,33.47,NULL,NULL,NULL,33.47,NULL,'A00','netto',4,'2026-02-26 06:11:59','2026-02-11',NULL,'2026-02-26 06:11:59','2026-02-26 06:11:59'),(324,NULL,'S585','4.101110K.A0050','A211022601','SS304 JIS 10K 2\"',NULL,NULL,140,0,1.87,3.35,2.86,NULL,1.87,NULL,'STOK NON PO','netto',1,'2026-02-26 06:11:59','2026-02-11',NULL,'2026-02-26 06:11:59','2026-02-26 06:11:59'),(325,NULL,'S585','4.101110K.A0050','A211022602','SS304 JIS 10K 2\"',NULL,NULL,40,0,1.87,3.35,2.86,NULL,1.87,NULL,'STOK NON PO','netto',1,'2026-02-26 06:11:59','2026-02-11',NULL,'2026-02-26 06:11:59','2026-02-26 06:11:59'),(326,214,'S621','4.1092150LB.A0025','P411022612','SS316 SORF ANSI 150LBS 1\"',NULL,NULL,96,0,0.78,NULL,NULL,NULL,0.78,'SE-2026-005','STOK NON PO','netto',1,'2026-02-26 06:11:59','2026-02-11',NULL,'2026-02-26 06:11:59','2026-02-26 06:11:59'),(327,207,'UNB44','4.1091150LB.A0050','A411022602','SS304 SORF ANSI 150LBS 2\"',NULL,NULL,24,0,2.06,NULL,NULL,NULL,2.06,'SE-2026-005','A02','netto',1,'2026-02-26 06:11:59','2026-02-11',NULL,'2026-02-26 06:11:59','2026-02-26 06:11:59'),(328,207,'UNB44','4.1091150LB.A0050','A411022603','SS304 SORF ANSI 150LBS 2\"',NULL,NULL,24,0,2.06,NULL,NULL,NULL,2.06,'SE-2026-005','A02','netto',1,'2026-02-26 06:11:59','2026-02-11',NULL,'2026-02-26 06:11:59','2026-02-26 06:11:59'),(329,207,'UNB44','4.1091150LB.A0050','A411022604','SS304 SORF ANSI 150LBS 2\"',NULL,NULL,24,0,2.06,NULL,NULL,NULL,2.06,'SE-2026-005','A02','netto',1,'2026-02-26 06:11:59','2026-02-11',NULL,'2026-02-26 06:11:59','2026-02-26 06:11:59'),(330,204,'UN41','4.1091150LB.A0015','A411022605','SS304 SORF ANSI 150LBS 1/2\"',NULL,NULL,140,0,0.40,NULL,NULL,NULL,0.40,'SE-2026-005','A02','netto',1,'2026-02-26 06:11:59','2026-02-11',NULL,'2026-02-26 06:11:59','2026-02-26 06:11:59'),(331,207,'UNB44','4.1091150LB.A0050','A411022606','SS304 SORF ANSI 150LBS 2\"',NULL,NULL,72,0,2.06,NULL,NULL,NULL,2.06,'SE-2026-005','A02','netto',1,'2026-02-26 06:11:59','2026-02-11',NULL,'2026-02-26 06:11:59','2026-02-26 06:11:59'),(332,207,'UNB44','4.1091150LB.A0050','A411022607','SS304 SORF ANSI 150LBS 2\"',NULL,NULL,72,0,2.06,NULL,NULL,NULL,2.06,'SE-2026-005','A02','netto',1,'2026-02-26 06:11:59','2026-02-11',NULL,'2026-02-26 06:11:59','2026-02-26 06:11:59'),(333,117,'AB06','4.101105K.A0400','A211022609','SS304 JIS 5K 16\"',NULL,NULL,5,0,17.01,NULL,NULL,NULL,17.01,'SE-2026-007','A06','netto',4,'2026-02-26 06:11:59','2026-02-11',NULL,'2026-02-26 06:11:59','2026-02-26 06:11:59'),(334,NULL,'AB08','4.101110K.A0050','A211022610','SS304 JIS 10K 2\"',NULL,NULL,60,0,1.87,NULL,NULL,NULL,1.87,NULL,'A06','netto',1,'2026-02-26 06:11:59','2026-02-11',NULL,'2026-02-26 06:11:59','2026-02-26 06:11:59'),(335,NULL,'AB08','4.101110K.A0050','A211022611','SS304 JIS 10K 2\"',NULL,NULL,64,0,1.87,NULL,NULL,NULL,1.87,NULL,'A06','netto',1,'2026-02-26 06:11:59','2026-02-11',NULL,'2026-02-26 06:11:59','2026-02-26 06:11:59'),(336,NULL,'AB08','4.101110K.A0050','A211022612','SS304 JIS 10K 2\"',NULL,NULL,68,0,1.87,NULL,NULL,NULL,1.87,NULL,'A06','netto',1,'2026-02-26 06:11:59','2026-02-11',NULL,'2026-02-26 06:11:59','2026-02-26 06:11:59'),(337,NULL,'AB08','4.101110K.A0050','A211022613','SS304 JIS 10K 2\"',NULL,NULL,112,0,1.87,NULL,NULL,NULL,1.87,NULL,'A06','netto',1,'2026-02-26 06:11:59','2026-02-11',NULL,'2026-02-26 06:11:59','2026-02-26 06:11:59'),(338,NULL,'AB08','4.101110K.A0050','A211022614','SS304 JIS 10K 2\"',NULL,NULL,112,0,1.87,NULL,NULL,NULL,1.87,NULL,'A06','netto',1,'2026-02-26 06:11:59','2026-02-11',NULL,'2026-02-26 06:11:59','2026-02-26 06:11:59'),(339,NULL,'AB08','4.101110K.A0050','A211022615','SS304 JIS 10K 2\"',NULL,NULL,128,0,1.87,NULL,NULL,NULL,1.87,NULL,'A06','netto',1,'2026-02-26 06:11:59','2026-02-11',NULL,'2026-02-26 06:11:59','2026-02-26 06:11:59'),(340,NULL,'AB08','4.101110K.A0050','A211022616','SS304 JIS 10K 2\"',NULL,NULL,128,0,1.87,NULL,NULL,NULL,1.87,NULL,'A06','netto',1,'2026-02-26 06:11:59','2026-02-11',NULL,'2026-02-26 06:11:59','2026-02-26 06:11:59'),(341,NULL,'AB08','4.101110K.A0050','A211022617','SS304 JIS 10K 2\"',NULL,NULL,136,0,1.87,NULL,NULL,NULL,1.87,NULL,'A06','netto',1,'2026-02-26 06:11:59','2026-02-11',NULL,'2026-02-26 06:11:59','2026-02-26 06:11:59'),(342,NULL,'AB08','4.101110K.A0050','A211022618','SS304 JIS 10K 2\"',NULL,NULL,48,0,1.87,NULL,NULL,NULL,1.87,NULL,'A06','netto',1,'2026-02-26 06:11:59','2026-02-11',NULL,'2026-02-26 06:11:59','2026-02-26 06:11:59'),(343,NULL,'ET584','4.1102ENPN16RF.D0025','LP212022605','SS316 BSP THREADED RF EN 1092-1 13B PN 16/40 DN 25',NULL,NULL,192,0,1.25,2.36,1.96,NULL,1.25,NULL,'E02','netto',1,'2026-02-26 06:13:03','2026-02-12',NULL,'2026-02-26 06:13:03','2026-02-26 06:13:03'),(344,NULL,'ETB501','4.1012UNIPN06.D0040','LP412022606','SS316 UNI 2276 PN 6 DN 40',NULL,NULL,110,0,1.20,NULL,NULL,NULL,1.20,NULL,'E02','netto',1,'2026-02-26 06:13:03','2026-02-12',NULL,'2026-02-26 06:13:03','2026-02-26 06:13:03'),(345,NULL,'ETB501','4.1012UNIPN06.D0040','LP412022611','SS316 UNI 2276 PN 6 DN 40',NULL,NULL,110,0,1.20,NULL,NULL,NULL,1.20,NULL,'E02','netto',1,'2026-02-26 06:13:03','2026-02-12',NULL,'2026-02-26 06:13:03','2026-02-26 06:13:03'),(346,NULL,'ETB527','4.1032SPC.MM6080','LP412022605','SS316 SPECIAL MM6080 DN 80',NULL,NULL,34,0,0.89,NULL,NULL,NULL,0.89,NULL,'E02','netto',2,'2026-02-26 06:13:03','2026-02-12',NULL,'2026-02-26 06:13:03','2026-02-26 06:13:03'),(347,NULL,'ETB502','4.1012UNIPN06.D0050','LP412022612','SS316 UNI 2276 PN 6 DN 50',NULL,NULL,80,0,1.31,NULL,NULL,NULL,1.31,NULL,'E02','netto',1,'2026-02-26 06:13:03','2026-02-12',NULL,'2026-02-26 06:13:03','2026-02-26 06:13:03'),(348,NULL,'ETB501','4.1012UNIPN06.D0040','LP412022608','SS316 UNI 2276 PN 6 DN 40',NULL,NULL,110,0,1.20,NULL,NULL,NULL,1.20,NULL,'E02','netto',1,'2026-02-26 06:13:03','2026-02-12',NULL,'2026-02-26 06:13:03','2026-02-26 06:13:03'),(349,NULL,'ETB501','4.1012UNIPN06.D0040','LP412022607','SS316 UNI 2276 PN 6 DN 40',NULL,NULL,132,0,1.20,NULL,NULL,NULL,1.20,NULL,'E02','netto',1,'2026-02-26 06:13:03','2026-02-12',NULL,'2026-02-26 06:13:03','2026-02-26 06:13:03'),(350,NULL,'ETB502','4.1012UNIPN06.D0050','LP412022612','SS316 UNI 2276 PN 6 DN 50',NULL,NULL,22,0,1.31,NULL,NULL,NULL,1.31,NULL,'E02','netto',1,'2026-02-26 06:13:03','2026-02-12',NULL,'2026-02-26 06:13:03','2026-02-26 06:13:03'),(351,NULL,'ETB529','4.1041SPC.D0025','LA412022603','SS304 SPECIAL RAISED ID34 OD80 T10 DN 25',NULL,NULL,288,0,0.31,NULL,NULL,NULL,0.31,NULL,'E02','netto',1,'2026-02-26 06:13:03','2026-02-12',NULL,'2026-02-26 06:13:03','2026-02-26 06:13:03'),(352,NULL,'ET507','4.1012UNIPN10.D0450','LP212022606','SS316 UNI 2277 PN 10 DN 450',NULL,NULL,6,0,30.68,63.50,50.50,NULL,30.68,NULL,'E02','netto',4,'2026-02-26 06:13:03','2026-02-12',NULL,'2026-02-26 06:13:03','2026-02-26 06:13:03'),(353,NULL,'CRB01','4.1011UNIPN06.D0025','A412022601','SS304 UNI 2276 PN 6 DN 25',NULL,NULL,56,0,0.62,NULL,NULL,NULL,0.62,NULL,'E04','netto',1,'2026-02-26 06:13:03','2026-02-12',NULL,'2026-02-26 06:13:03','2026-02-26 06:13:03'),(354,NULL,'CRB16','4.1012UNIPN06.D0050','P412022605','SS316 UNI 2276 PN 6 DN 50',NULL,NULL,56,0,1.31,NULL,NULL,NULL,1.31,NULL,'E04','netto',1,'2026-02-26 06:13:03','2026-02-12',NULL,'2026-02-26 06:13:03','2026-02-26 06:13:03'),(355,NULL,'LL412','4.1031SPC.150LBRF.A0300.T23.6','A212022614','SS304 SPC ANSI150LB RF T23.6 12\"',NULL,NULL,12,0,16.51,NULL,NULL,NULL,16.51,NULL,'A00','netto',3,'2026-02-26 06:13:03','2026-02-12',NULL,'2026-02-26 06:13:03','2026-02-26 06:13:03'),(356,122,'S605','4.101110K.A0150','A212022612','SS304 JIS 10K 6\"',NULL,NULL,34,0,6.33,11.10,9.52,NULL,6.33,'SE-2026-007','STOK NON PO','netto',3,'2026-02-26 06:13:03','2026-02-12',NULL,'2026-02-26 06:13:03','2026-02-26 06:13:03'),(357,122,'S605','4.101110K.A0150','A212022613','SS304 JIS 10K 6\"',NULL,NULL,41,0,6.33,11.10,9.52,NULL,6.33,'SE-2026-007','STOK NON PO','netto',3,'2026-02-26 06:13:03','2026-02-12',NULL,'2026-02-26 06:13:03','2026-02-26 06:13:03'),(358,122,'S605','4.101110K.A0150','A212022614','SS304 JIS 10K 6\"',NULL,NULL,8,0,6.33,11.10,9.52,NULL,6.33,'SE-2026-007','STOK NON PO','netto',3,'2026-02-26 06:13:04','2026-02-12',NULL,'2026-02-26 06:13:04','2026-02-26 06:13:04'),(359,NULL,'S621','4.1092150LB.A0025','P412022605','SS316 SORF ANSI 150LBS 1\"',NULL,NULL,16,0,0.78,NULL,NULL,NULL,0.78,NULL,'STOK NON PO','netto',1,'2026-02-26 06:13:04','2026-02-12',NULL,'2026-02-26 06:13:04','2026-02-26 06:13:04'),(360,NULL,'S622','4.1111150LB.A0015','A412022601','SS304 WNRF ANSI 150LBS SCH40 1/2\"',NULL,NULL,60,0,0.49,NULL,NULL,NULL,0.49,NULL,'STOK NON PO','netto',1,'2026-02-26 06:13:04','2026-02-12',NULL,'2026-02-26 06:13:04','2026-02-26 06:13:04'),(361,NULL,'S621','4.1092150LB.A0025','P412022605','SS316 SORF ANSI 150LBS 1\"',NULL,NULL,16,0,0.78,NULL,NULL,NULL,0.78,NULL,'STOK NON PO','netto',1,'2026-02-26 06:13:04','2026-02-12',NULL,'2026-02-26 06:13:04','2026-02-26 06:13:04'),(362,NULL,'UN41','4.1091150LB.A0015','A412022602','SS304 SORF ANSI 150LBS 1/2\"',NULL,NULL,140,0,0.40,NULL,NULL,NULL,0.40,NULL,'A02','netto',1,'2026-02-26 06:13:04','2026-02-12',NULL,'2026-02-26 06:13:04','2026-02-26 06:13:04'),(363,129,'AB18','4.101210K.A0100','P212022601','SS316 JIS 10K 4\"',NULL,NULL,78,0,3.11,NULL,NULL,NULL,3.11,'SE-2026-007','A06','netto',2,'2026-02-26 06:13:04','2026-02-12',NULL,'2026-02-26 06:13:04','2026-02-26 06:13:04'),(364,129,'AB18','4.101210K.A0100','P212022602','SS316 JIS 10K 4\"',NULL,NULL,76,0,3.11,NULL,NULL,NULL,3.11,'SE-2026-007','A06','netto',2,'2026-02-26 06:13:04','2026-02-12',NULL,'2026-02-26 06:13:04','2026-02-26 06:13:04'),(365,NULL,'AB18','4.101210K.A0100','P212022603','SS316 JIS 10K 4\"',NULL,NULL,66,0,3.11,NULL,NULL,NULL,3.11,NULL,'A06','netto',2,'2026-02-26 06:13:04','2026-02-12',NULL,'2026-02-26 06:13:04','2026-02-26 06:13:04'),(366,146,'AB35','4.105210K.A0100','P212022604','SS316 BLIND JIS 10K 4\"',NULL,NULL,36,0,4.60,NULL,NULL,NULL,4.60,'SE-2026-007','A06','netto',2,'2026-02-26 06:13:04','2026-02-12',NULL,'2026-02-26 06:13:04','2026-02-26 06:13:04'),(367,146,'AB35','4.105210K.A0100','P212022605','SS316 BLIND JIS 10K 4\"',NULL,NULL,12,0,4.60,NULL,NULL,NULL,4.60,'SE-2026-007','A06','netto',2,'2026-02-26 06:13:04','2026-02-12',NULL,'2026-02-26 06:13:04','2026-02-26 06:13:04'),(368,147,'AB36','4.105210K.A0150','P212022606','SS316 BLIND JIS 10K 6\"',NULL,NULL,23,0,10.12,NULL,NULL,NULL,10.12,'SE-2026-007','A06','netto',3,'2026-02-26 06:13:04','2026-02-12',NULL,'2026-02-26 06:13:04','2026-02-26 06:13:04'),(369,145,'AB34','4.105210K.A0080','P212022604','SS316 BLIND JIS 10K 3\"',NULL,NULL,34,0,3.50,NULL,NULL,NULL,3.50,'SE-2026-007','A06','netto',2,'2026-02-26 06:13:04','2026-02-12',NULL,'2026-02-26 06:13:04','2026-02-26 06:13:04'),(370,128,'AB17','4.101210K.A0080','P212022607','SS316 JIS 10K 3\"',NULL,NULL,64,0,2.59,NULL,NULL,NULL,2.59,'SE-2026-007','A06','netto',2,'2026-02-26 06:13:04','2026-02-12',NULL,'2026-02-26 06:13:04','2026-02-26 06:13:04'),(371,128,'AB17','4.101210K.A0080','P212022608','SS316 JIS 10K 3\"',NULL,NULL,72,0,2.59,NULL,NULL,NULL,2.59,'SE-2026-007','A06','netto',2,'2026-02-26 06:13:04','2026-02-12',NULL,'2026-02-26 06:13:04','2026-02-26 06:13:04'),(372,128,'AB17','4.101210K.A0080','P212022609','SS316 JIS 10K 3\"',NULL,NULL,18,0,2.59,NULL,NULL,NULL,2.59,'SE-2026-007','A06','netto',2,'2026-02-26 06:13:04','2026-02-12',NULL,'2026-02-26 06:13:04','2026-02-26 06:13:04'),(373,NULL,'AB08','4.101110K.A0050','A212022611','SS304 JIS 10K 2\"',NULL,NULL,128,0,1.87,NULL,NULL,NULL,1.87,NULL,'A06','netto',1,'2026-02-26 06:13:04','2026-02-12',NULL,'2026-02-26 06:13:04','2026-02-26 06:13:04'),(374,NULL,'AB08','4.101110K.A0050','A212022612','SS304 JIS 10K 2\"',NULL,NULL,24,0,1.87,NULL,NULL,NULL,1.87,NULL,'A06','netto',1,'2026-02-26 06:13:04','2026-02-12',NULL,'2026-02-26 06:13:04','2026-02-26 06:13:04'),(375,NULL,'ILB278','4.1021ENPN16ILRED.D0080','A213022607','SS304 REDUCED PN 16 T12 DN 80',NULL,NULL,40,0,2.18,4.68,3.78,NULL,2.18,NULL,'E01','netto',2,'2026-02-26 06:13:50','2026-02-13',NULL,'2026-02-26 06:13:50','2026-02-26 06:13:50'),(376,NULL,'ET574','4.1081UNIPN16RED.D0125.T14','LA213022603','SS304 REDUCED LOOSE UNI 6090 PN 16 T14 DN 125',NULL,NULL,58,0,3.39,6.46,5.30,NULL,3.39,NULL,'E02','netto',2,'2026-02-26 06:13:50','2026-02-13',NULL,'2026-02-26 06:13:50','2026-02-26 06:13:50'),(377,NULL,'ET574','4.1081UNIPN16RED.D0125.T14','LA213022604','SS304 REDUCED LOOSE UNI 6090 PN 16 T14 DN 125',NULL,NULL,57,0,3.39,6.46,5.30,NULL,3.39,NULL,'E02','netto',2,'2026-02-26 06:13:50','2026-02-13',NULL,'2026-02-26 06:13:50','2026-02-26 06:13:50'),(378,NULL,'ET583','4.1101ENPN16RF.D0100','LA213022605','SS304 BSP THREADED RF EN 1092-1 13B PN 16 DN 100',NULL,NULL,36,0,4.69,9.98,7.66,NULL,4.69,NULL,'E02','netto',2,'2026-02-26 06:13:50','2026-02-13',NULL,'2026-02-26 06:13:50','2026-02-26 06:13:50'),(379,NULL,'ET583','4.1101ENPN16RF.D0100','LA213022608','SS304 BSP THREADED RF EN 1092-1 13B PN 16 DN 100',NULL,NULL,13,0,4.69,9.98,7.66,NULL,4.69,NULL,'E02','netto',2,'2026-02-26 06:13:50','2026-02-13',NULL,'2026-02-26 06:13:50','2026-02-26 06:13:50'),(380,NULL,'ET488','4.1011UNIPN16.D0050','LA213022606','SS304 UNI 2278 PN 16 DN 50',NULL,NULL,104,0,2.48,4.13,3.56,NULL,2.48,NULL,'E02','netto',1,'2026-02-26 06:13:50','2026-02-13',NULL,'2026-02-26 06:13:50','2026-02-26 06:13:50'),(381,NULL,'ET507','4.1012UNIPN10.D0450','LP213022609','SS316 UNI 2277 PN 10 DN 450',NULL,NULL,4,0,30.68,63.50,50.50,NULL,30.68,NULL,'E02','netto',4,'2026-02-26 06:13:50','2026-02-13',NULL,'2026-02-26 06:13:50','2026-02-26 06:13:50'),(382,NULL,'ETB501','4.1012UNIPN06.D0040','LP413022612','SS316 UNI 2276 PN 6 DN 40',NULL,NULL,38,0,1.20,NULL,NULL,NULL,1.20,NULL,'E02','netto',1,'2026-02-26 06:13:50','2026-02-13',NULL,'2026-02-26 06:13:50','2026-02-26 06:13:50'),(383,NULL,'ETB502','4.1012UNIPN06.D0050','LP413022612','SS316 UNI 2276 PN 6 DN 50',NULL,NULL,32,0,1.31,NULL,NULL,NULL,1.31,NULL,'E02','netto',1,'2026-02-26 06:13:50','2026-02-13',NULL,'2026-02-26 06:13:50','2026-02-26 06:13:50'),(384,NULL,'ETB529','4.1041SPC.D0025','LA413022604','SS304 SPECIAL RAISED ID34 OD80 T10 DN 25',NULL,NULL,32,0,0.31,NULL,NULL,NULL,0.31,NULL,'E02','netto',1,'2026-02-26 06:13:50','2026-02-13',NULL,'2026-02-26 06:13:50','2026-02-26 06:13:50'),(385,NULL,'ETB368','4.1011UNIPN06.D0020','LA413022605','SS304 UNI 2276 PN 6 DN 20',NULL,NULL,160,0,0.51,NULL,NULL,NULL,0.51,NULL,'E02','netto',1,'2026-02-26 06:13:51','2026-02-13',NULL,'2026-02-26 06:13:51','2026-02-26 06:13:51'),(386,NULL,'LL413','4.1031SPC.150LBRF.A0350.T26.6','A213022607','SS304 SPC ANSI150LB RF T26.6 14\"',NULL,NULL,5,0,23.03,NULL,NULL,NULL,23.03,NULL,'A00','netto',4,'2026-02-26 06:13:51','2026-02-13',NULL,'2026-02-26 06:13:51','2026-02-26 06:13:51'),(387,NULL,'LL412','4.1031SPC.150LBRF.A0300.T23.6','A213022602','SS304 SPC ANSI150LB RF T23.6 12\"',NULL,NULL,1,0,16.51,NULL,NULL,NULL,16.51,NULL,'A00','netto',3,'2026-02-26 06:13:51','2026-02-13',NULL,'2026-02-26 06:13:51','2026-02-26 06:13:51'),(388,NULL,'S661','4.1091150LB.A0250','A213022608','SS304 SORF ANSI 150LBS 10\"',NULL,NULL,11,0,16.61,30.14,27.10,NULL,16.61,NULL,'STOK NON PO','netto',3,'2026-02-26 06:13:51','2026-02-13',NULL,'2026-02-26 06:13:51','2026-02-26 06:13:51'),(389,122,'S605','4.101110K.A0150','A213022601','SS304 JIS 10K 6\"',NULL,NULL,36,0,6.33,11.10,9.52,NULL,6.33,'SE-2026-007','STOK NON PO','netto',3,'2026-02-26 06:13:51','2026-02-13',NULL,'2026-02-26 06:13:51','2026-02-26 06:13:51'),(390,NULL,'S605','4.101110K.A0150','A213022602','SS304 JIS 10K 6\"',NULL,NULL,24,0,6.33,11.10,9.52,NULL,6.33,NULL,'STOK NON PO','netto',3,'2026-02-26 06:13:51','2026-02-13',NULL,'2026-02-26 06:13:51','2026-02-26 06:13:51'),(391,NULL,'S577','4.101210K.A0100','P213022609','SS316 JIS 10K 4\"',NULL,NULL,30,0,3.11,5.37,4.63,NULL,3.11,NULL,'STOK NON PO','netto',2,'2026-02-26 06:13:51','2026-02-13',NULL,'2026-02-26 06:13:51','2026-02-26 06:13:51'),(392,NULL,'S625','4.1111DINPN16.A0015','A413022606','SS304 WNRF DIN 2633 PN 16 1/2\"',NULL,NULL,56,0,0.66,NULL,NULL,NULL,0.66,NULL,'STOK NON PO','netto',1,'2026-02-26 06:13:51','2026-02-13',NULL,'2026-02-26 06:13:51','2026-02-26 06:13:51'),(393,NULL,'S625','4.1111DINPN16.A0015','A413022607','SS304 WNRF DIN 2633 PN 16 1/2\"',NULL,NULL,168,0,0.66,NULL,NULL,NULL,0.66,NULL,'STOK NON PO','netto',1,'2026-02-26 06:13:51','2026-02-13',NULL,'2026-02-26 06:13:51','2026-02-26 06:13:51'),(394,213,'S620','4.1092150LB.A0020','P413022611','SS316 SORF ANSI 150LBS 3/4\"',NULL,NULL,36,0,0.57,NULL,NULL,NULL,0.57,'SE-2026-005','STOK NON PO','netto',1,'2026-02-26 06:13:51','2026-02-13',NULL,'2026-02-26 06:13:51','2026-02-26 06:13:51'),(395,NULL,'S629','4.1112150LB.A0020','P413022612','SS316 WNRF ANSI 150LBS SCH40 3/4\"',NULL,NULL,36,0,0.73,NULL,NULL,NULL,0.73,NULL,'STOK NON PO','netto',1,'2026-02-26 06:13:51','2026-02-13',NULL,'2026-02-26 06:13:51','2026-02-26 06:13:51'),(396,NULL,'S577','4.101210K.A0100','P213022625','SS316 JIS 10K 4\"',NULL,NULL,0,0,3.11,NULL,NULL,NULL,3.11,NULL,'STOK NON PO','netto',2,'2026-02-26 06:13:51','2026-02-13',NULL,'2026-02-26 06:13:51','2026-02-26 06:13:51'),(397,NULL,'S580','4.1041DINPN16.A0015','A413022607','SS304 RAISED DIN 2501 PN 16 1/2\"',NULL,NULL,168,0,0.60,NULL,NULL,NULL,0.60,NULL,'STOK NON PO','netto',1,'2026-02-26 06:13:51','2026-02-13',NULL,'2026-02-26 06:13:51','2026-02-26 06:13:51'),(398,NULL,'ET574','4.1081UNIPN16RED.D0125.T14','LA215022602','SS304 REDUCED LOOSE UNI 6090 PN 16 T14 DN 125',NULL,NULL,30,0,3.39,6.46,5.30,NULL,3.39,NULL,'E02','netto',2,'2026-02-26 06:14:31','2026-02-15',NULL,'2026-02-26 06:14:31','2026-02-26 06:14:31'),(399,NULL,'ET574','4.1081UNIPN16RED.D0125.T14','LA215022603','SS304 REDUCED LOOSE UNI 6090 PN 16 T14 DN 125',NULL,NULL,30,0,3.39,6.46,5.30,NULL,3.39,NULL,'E02','netto',2,'2026-02-26 06:14:31','2026-02-15',NULL,'2026-02-26 06:14:31','2026-02-26 06:14:31'),(400,NULL,'ET530','4.1041SPC.D0050','LA215022603','SS304 SPECIAL RAISED ID61 OD110 T10 DN 50',NULL,NULL,140,0,0.49,1.24,0.94,NULL,0.49,NULL,'E02','netto',1,'2026-02-26 06:14:31','2026-02-15',NULL,'2026-02-26 06:14:31','2026-02-26 06:14:31'),(401,NULL,'ET530','4.1041SPC.D0050','LA215022605','SS304 SPECIAL RAISED ID61 OD110 T10 DN 50',NULL,NULL,88,0,0.49,1.24,0.94,NULL,0.49,NULL,'E02','netto',1,'2026-02-26 06:14:31','2026-02-15',NULL,'2026-02-26 06:14:31','2026-02-26 06:14:31'),(402,NULL,'ET495','4.1012ENPN10.D0400','LP215022609','SS316 EN1092-1 PN 10 DN 400',NULL,NULL,7,0,27.80,56.00,45.05,NULL,27.80,NULL,'E02','netto',4,'2026-02-26 06:14:31','2026-02-15',NULL,'2026-02-26 06:14:31','2026-02-26 06:14:31'),(403,NULL,'CR02','4.1011UNIPN06.D0065','A215022601','SS304 UNI 2276 PN 6 DN 65',NULL,NULL,152,0,1.63,3.20,2.74,NULL,1.63,NULL,'E04','netto',2,'2026-02-26 06:14:31','2026-02-15',NULL,'2026-02-26 06:14:31','2026-02-26 06:14:31'),(404,NULL,'CR02','4.1011UNIPN06.D0065','A215022602','SS304 UNI 2276 PN 6 DN 65',NULL,NULL,88,0,1.63,3.20,2.74,NULL,1.63,NULL,'E04','netto',2,'2026-02-26 06:14:31','2026-02-15',NULL,'2026-02-26 06:14:31','2026-02-26 06:14:31'),(405,NULL,'S662','4.1091150LB.A0150','A215022604','SS304 SORF ANSI 150LBS 6\"',NULL,NULL,34,0,7.50,14.20,12.10,NULL,7.50,NULL,'STOK NON PO','netto',3,'2026-02-26 06:14:32','2026-02-15',NULL,'2026-02-26 06:14:32','2026-02-26 06:14:32'),(406,NULL,'S662','4.1091150LB.A0150','A215022605','SS304 SORF ANSI 150LBS 6\"',NULL,NULL,23,0,7.50,14.20,12.10,NULL,7.50,NULL,'STOK NON PO','netto',3,'2026-02-26 06:14:32','2026-02-15',NULL,'2026-02-26 06:14:32','2026-02-26 06:14:32'),(407,NULL,'S662','4.1091150LB.A0150','A215022606','SS304 SORF ANSI 150LBS 6\"',NULL,NULL,30,0,7.50,14.20,12.10,NULL,7.50,NULL,'STOK NON PO','netto',3,'2026-02-26 06:14:32','2026-02-15',NULL,'2026-02-26 06:14:32','2026-02-26 06:14:32'),(408,NULL,'S662','4.1091150LB.A0150','A215022607','SS304 SORF ANSI 150LBS 6\"',NULL,NULL,32,0,7.50,14.20,12.10,NULL,7.50,NULL,'STOK NON PO','netto',3,'2026-02-26 06:14:32','2026-02-15',NULL,'2026-02-26 06:14:32','2026-02-26 06:14:32'),(409,NULL,'S662','4.1091150LB.A0150','A215022608','SS304 SORF ANSI 150LBS 6\"',NULL,NULL,38,0,7.50,14.20,12.10,NULL,7.50,NULL,'STOK NON PO','netto',3,'2026-02-26 06:14:32','2026-02-15',NULL,'2026-02-26 06:14:32','2026-02-26 06:14:32'),(410,NULL,'ET583','4.1101ENPN16RF.D0100','LA216022602','SS304 BSP THREADED RF EN 1092-1 13B PN 16 DN 100',NULL,NULL,44,0,4.69,9.98,7.66,NULL,4.69,NULL,'E02','netto',2,'2026-02-26 06:15:53','2026-02-16',NULL,'2026-02-26 06:15:53','2026-02-26 06:15:53'),(411,NULL,'ET583','4.1101ENPN16RF.D0100','LA216022604','SS304 BSP THREADED RF EN 1092-1 13B PN 16 DN 100',NULL,NULL,50,0,4.69,9.98,7.66,NULL,4.69,NULL,'E02','netto',2,'2026-02-26 06:15:53','2026-02-16',NULL,'2026-02-26 06:15:53','2026-02-26 06:15:53'),(412,NULL,'ET583','4.1101ENPN16RF.D0100','LA216022607','SS304 BSP THREADED RF EN 1092-1 13B PN 16 DN 100',NULL,NULL,31,0,4.69,9.98,7.66,NULL,4.69,NULL,'E02','netto',2,'2026-02-26 06:15:53','2026-02-16',NULL,'2026-02-26 06:15:53','2026-02-26 06:15:53'),(413,NULL,'ET511','4.1021UNIPN10RED.D0300.T18','LA216022608','SS304 REDUCED UNI 2277 PN 10 T18 DN 300',NULL,NULL,10,0,9.54,19.06,16.06,NULL,9.54,NULL,'E02','netto',3,'2026-02-26 06:15:53','2026-02-16',NULL,'2026-02-26 06:15:53','2026-02-26 06:15:53'),(414,NULL,'ET495','4.1012ENPN10.D0400','LP216022609','SS316 EN1092-1 PN 10 DN 400',NULL,NULL,9,0,27.80,56.00,45.05,NULL,27.80,NULL,'E02','netto',4,'2026-02-26 06:15:53','2026-02-16',NULL,'2026-02-26 06:15:53','2026-02-26 06:15:53'),(415,NULL,'ETB527','4.1032SPC.MM6080','LP416022604','SS316 SPECIAL MM6080 DN 80',NULL,NULL,110,0,0.89,NULL,NULL,NULL,0.89,NULL,'E02','netto',2,'2026-02-26 06:15:53','2026-02-16',NULL,'2026-02-26 06:15:53','2026-02-26 06:15:53'),(416,NULL,'ETB501','4.1012UNIPN06.D0040','LP416022603','SS316 UNI 2276 PN 6 DN 40',NULL,NULL,44,0,1.20,NULL,NULL,NULL,1.20,NULL,'E02','netto',1,'2026-02-26 06:15:53','2026-02-16',NULL,'2026-02-26 06:15:53','2026-02-26 06:15:53'),(417,NULL,'S662','4.1091150LB.A0150','A216022601','SS304 SORF ANSI 150LBS 6\"',NULL,NULL,24,0,7.50,14.20,12.10,NULL,7.50,NULL,'STOK NON PO','netto',3,'2026-02-26 06:15:53','2026-02-16',NULL,'2026-02-26 06:15:53','2026-02-26 06:15:53'),(418,NULL,'S661','4.1091150LB.A0250','A216022601','SS304 SORF ANSI 150LBS 10\"',NULL,NULL,2,0,16.61,30.14,27.10,NULL,16.61,NULL,'STOK NON PO','netto',3,'2026-02-26 06:15:53','2026-02-16',NULL,'2026-02-26 06:15:53','2026-02-26 06:15:53'),(419,NULL,'S661','4.1091150LB.A0250','A216022603','SS304 SORF ANSI 150LBS 10\"',NULL,NULL,13,0,16.61,30.14,27.10,NULL,16.61,NULL,'STOK NON PO','netto',3,'2026-02-26 06:15:53','2026-02-16',NULL,'2026-02-26 06:15:53','2026-02-26 06:15:53'),(420,NULL,'S661','4.1091150LB.A0250','A216022605','SS304 SORF ANSI 150LBS 10\"',NULL,NULL,15,0,16.61,30.14,27.10,NULL,16.61,NULL,'STOK NON PO','netto',3,'2026-02-26 06:15:53','2026-02-16',NULL,'2026-02-26 06:15:53','2026-02-26 06:15:53'),(421,NULL,'S661','4.1091150LB.A0250','A216022606','SS304 SORF ANSI 150LBS 10\"',NULL,NULL,11,0,16.61,30.14,27.10,NULL,16.61,NULL,'STOK NON PO','netto',3,'2026-02-26 06:15:53','2026-02-16',NULL,'2026-02-26 06:15:53','2026-02-26 06:15:53'),(422,NULL,'S661','4.1091150LB.A0250','A216022608','SS304 SORF ANSI 150LBS 10\"',NULL,NULL,6,0,16.61,30.14,27.10,NULL,16.61,NULL,'STOK NON PO','netto',3,'2026-02-26 06:15:53','2026-02-16',NULL,'2026-02-26 06:15:53','2026-02-26 06:15:53'),(423,NULL,'S577','4.101210K.A0100','P216022609','SS316 JIS 10K 4\"',NULL,NULL,12,0,3.11,5.37,4.63,NULL,3.11,NULL,'STOK NON PO','netto',2,'2026-02-26 06:15:53','2026-02-16',NULL,'2026-02-26 06:15:53','2026-02-26 06:15:53'),(424,NULL,'S663','4.1092150LB.A0250','P216022609','SS316 SORF ANSI 150LBS 10\"',NULL,NULL,1,0,16.61,30.14,27.10,NULL,16.61,NULL,'STOK NON PO','netto',3,'2026-02-26 06:15:53','2026-02-16',NULL,'2026-02-26 06:15:53','2026-02-26 06:15:53'),(425,NULL,'S629','4.1112150LB.A0020','P416022602','SS316 WNRF ANSI 150LBS SCH40 3/4\"',NULL,NULL,24,0,0.73,NULL,NULL,NULL,0.73,NULL,'STOK NON PO','netto',1,'2026-02-26 06:15:53','2026-02-16',NULL,'2026-02-26 06:15:53','2026-02-26 06:15:53'),(426,NULL,'ET573','4.1081UNIPN16RED.D0100.T12','LA217022601','SS304 REDUCED LOOSE UNI 6090 PN 16 T12 DN 100',NULL,NULL,90,0,2.37,5.11,4.09,NULL,2.37,NULL,'E02','netto',2,'2026-02-26 06:17:05','2026-02-17',NULL,'2026-02-26 06:17:05','2026-02-26 06:17:05'),(427,NULL,'ET573','4.1081UNIPN16RED.D0100.T12','LA217022602','SS304 REDUCED LOOSE UNI 6090 PN 16 T12 DN 100',NULL,NULL,92,0,2.37,5.11,4.09,NULL,2.37,NULL,'E02','netto',2,'2026-02-26 06:17:05','2026-02-17',NULL,'2026-02-26 06:17:05','2026-02-26 06:17:05'),(428,NULL,'ET573','4.1081UNIPN16RED.D0100.T12','LA217022603','SS304 REDUCED LOOSE UNI 6090 PN 16 T12 DN 100',NULL,NULL,58,0,2.37,5.11,4.09,NULL,2.37,NULL,'E02','netto',2,'2026-02-26 06:17:05','2026-02-17',NULL,'2026-02-26 06:17:05','2026-02-26 06:17:05'),(429,NULL,'ET495','4.1012ENPN10.D0400','LP217022606','SS316 EN1092-1 PN 10 DN 400',NULL,NULL,6,0,27.80,56.00,45.05,NULL,27.80,NULL,'E02','netto',4,'2026-02-26 06:17:05','2026-02-17',NULL,'2026-02-26 06:17:05','2026-02-26 06:17:05'),(430,NULL,'ET495','4.1012ENPN10.D0400','LP217022609','SS316 EN1092-1 PN 10 DN 400',NULL,NULL,7,0,27.80,56.00,45.05,NULL,27.80,NULL,'E02','netto',4,'2026-02-26 06:17:05','2026-02-17',NULL,'2026-02-26 06:17:05','2026-02-26 06:17:05'),(431,NULL,'S585','4.101110K.A0050','A217022603','SS304 JIS 10K 2\"',NULL,NULL,32,0,1.87,3.35,2.86,NULL,1.87,NULL,'STOK NON PO','netto',1,'2026-02-26 06:17:05','2026-02-17',NULL,'2026-02-26 06:17:05','2026-02-26 06:17:05'),(432,NULL,'S585','4.101110K.A0050','A217022604','SS304 JIS 10K 2\"',NULL,NULL,120,0,1.87,3.35,2.86,NULL,1.87,NULL,'STOK NON PO','netto',1,'2026-02-26 06:17:05','2026-02-17',NULL,'2026-02-26 06:17:05','2026-02-26 06:17:05'),(433,NULL,'S585','4.101110K.A0050','A217022605','SS304 JIS 10K 2\"',NULL,NULL,124,0,1.87,3.35,2.86,NULL,1.87,NULL,'STOK NON PO','netto',1,'2026-02-26 06:17:05','2026-02-17',NULL,'2026-02-26 06:17:05','2026-02-26 06:17:05'),(434,128,'AB17','4.101210K.A0080','P217022607','SS316 JIS 10K 3\"',NULL,NULL,72,0,2.59,NULL,NULL,NULL,2.59,'SE-2026-007','A06','netto',2,'2026-02-26 06:17:05','2026-02-17',NULL,'2026-02-26 06:17:05','2026-02-26 06:17:05'),(435,127,'AB16','4.101205K.A0080','P217022606','SS316 JIS 5K 3\"',NULL,NULL,22,0,1.98,NULL,NULL,NULL,1.98,'SE-2026-007','A06','netto',2,'2026-02-26 06:17:05','2026-02-17',NULL,'2026-02-26 06:17:05','2026-02-26 06:17:05'),(436,127,'AB16','4.101205K.A0080','P217022608','SS316 JIS 5K 3\"',NULL,NULL,88,0,1.98,NULL,NULL,NULL,1.98,'SE-2026-007','A06','netto',2,'2026-02-26 06:17:05','2026-02-17',NULL,'2026-02-26 06:17:05','2026-02-26 06:17:05'),(437,NULL,'ILB279','4.1021ENPN16ILRED.D0100.T12','A418022608','SS304 REDUCED PN 16 T12 DN 100',NULL,NULL,14,0,2.42,NULL,NULL,NULL,2.42,NULL,'E01','netto',2,'2026-02-26 06:17:44','2026-02-18',NULL,'2026-02-26 06:17:44','2026-02-26 06:17:44'),(438,NULL,'ILB279','4.1021ENPN16ILRED.D0100.T12','A418022609','SS304 REDUCED PN 16 T12 DN 100',NULL,NULL,7,0,2.42,NULL,NULL,NULL,2.42,NULL,'E01','netto',2,'2026-02-26 06:17:44','2026-02-18',NULL,'2026-02-26 06:17:44','2026-02-26 06:17:44'),(439,NULL,'ET495','4.1012ENPN10.D0400','LP218022602','SS316 EN1092-1 PN 10 DN 400',NULL,NULL,2,0,27.80,56.00,45.05,NULL,27.80,NULL,'E02','netto',4,'2026-02-26 06:17:44','2026-02-18',NULL,'2026-02-26 06:17:44','2026-02-26 06:17:44'),(440,NULL,'ET552','4.1071UNIPN16.D0032','LA218022609','SS304 LOOSE UNI 6090 PN 16 DN 32',NULL,NULL,168,0,1.60,2.89,2.41,NULL,1.60,NULL,'E02','netto',1,'2026-02-26 06:17:44','2026-02-18',NULL,'2026-02-26 06:17:44','2026-02-26 06:17:44'),(441,NULL,'ET552','4.1071UNIPN16.D0032','LA218022610','SS304 LOOSE UNI 6090 PN 16 DN 32',NULL,NULL,176,0,1.60,2.89,2.41,NULL,1.60,NULL,'E02','netto',1,'2026-02-26 06:17:44','2026-02-18',NULL,'2026-02-26 06:17:44','2026-02-26 06:17:44'),(442,NULL,'ET481','4.1011UNIPN06.D0700','LA218022617','SS304 UNI 2276 PN 6 DN 700',NULL,NULL,2,0,42.87,94.00,72.00,NULL,42.87,NULL,'E02','netto',4,'2026-02-26 06:17:44','2026-02-18',NULL,'2026-02-26 06:17:44','2026-02-26 06:17:44'),(443,NULL,'ETB527','4.1032SPC.MM6080','LP418022603','SS316 SPECIAL MM6080 DN 80',NULL,NULL,44,0,0.89,NULL,NULL,NULL,0.89,NULL,'E02','netto',2,'2026-02-26 06:17:45','2026-02-18',NULL,'2026-02-26 06:17:45','2026-02-26 06:17:45'),(444,NULL,'ETB527','4.1032SPC.MM6080','LP418022604','SS316 SPECIAL MM6080 DN 80',NULL,NULL,44,0,0.89,NULL,NULL,NULL,0.89,NULL,'E02','netto',2,'2026-02-26 06:17:45','2026-02-18',NULL,'2026-02-26 06:17:45','2026-02-26 06:17:45'),(445,NULL,'ETB527','4.1032SPC.MM6080','LP418022605','SS316 SPECIAL MM6080 DN 80',NULL,NULL,44,0,0.89,NULL,NULL,NULL,0.89,NULL,'E02','netto',2,'2026-02-26 06:17:45','2026-02-18',NULL,'2026-02-26 06:17:45','2026-02-26 06:17:45'),(446,NULL,'ETB501','4.1012UNIPN06.D0040','LP418022605','SS316 UNI 2276 PN 6 DN 40',NULL,NULL,44,0,1.20,NULL,NULL,NULL,1.20,NULL,'E02','netto',1,'2026-02-26 06:17:45','2026-02-18',NULL,'2026-02-26 06:17:45','2026-02-26 06:17:45'),(447,NULL,'ETB501','4.1012UNIPN06.D0040','LP418022606','SS316 UNI 2276 PN 6 DN 40',NULL,NULL,88,0,1.20,NULL,NULL,NULL,1.20,NULL,'E02','netto',1,'2026-02-26 06:17:45','2026-02-18',NULL,'2026-02-26 06:17:45','2026-02-26 06:17:45'),(448,NULL,'ETB502','4.1012UNIPN06.D0050','LP418022607','SS316 UNI 2276 PN 6 DN 50',NULL,NULL,108,0,1.31,NULL,NULL,NULL,1.31,NULL,'E02','netto',1,'2026-02-26 06:17:45','2026-02-18',NULL,'2026-02-26 06:17:45','2026-02-26 06:17:45'),(449,NULL,'ETS03','4.1011UNIPN06.D0032','LA418022610','SS304 UNI 2276 PN 6 DN 32',NULL,NULL,18,0,1.03,NULL,NULL,NULL,1.03,NULL,'E02','netto',1,'2026-02-26 06:17:45','2026-02-18',NULL,'2026-02-26 06:17:45','2026-02-26 06:17:45'),(450,NULL,'S652','4.101110K.A0050','A218022601','SS304 JIS 10K 2\"',NULL,NULL,120,0,2.86,3.35,2.86,NULL,0.00,NULL,'STOK NON PO','netto',1,'2026-02-26 06:17:45','2026-02-18',NULL,'2026-02-26 06:17:45','2026-02-26 06:17:45'),(451,NULL,'S577','4.101210K.A0100','P218022602','SS316 JIS 10K 4\"',NULL,NULL,60,0,3.11,5.37,4.63,NULL,3.11,NULL,'STOK NON PO','netto',2,'2026-02-26 06:17:45','2026-02-18',NULL,'2026-02-26 06:17:45','2026-02-26 06:17:45'),(452,NULL,'S580','4.1041DINPN16.A0015','A418022611','SS304 RAISED DIN 2501 PN 16 1/2\"',NULL,NULL,28,0,0.60,NULL,NULL,NULL,0.60,NULL,'STOK NON PO','netto',1,'2026-02-26 06:17:45','2026-02-18',NULL,'2026-02-26 06:17:45','2026-02-26 06:17:45'),(453,133,'AB22','4.1041150LB.A0050','A218022603','SS304 RAISED ANSI 150LBS 2\"',NULL,NULL,148,0,2.00,NULL,NULL,NULL,2.00,'SE-2026-007','A06','netto',1,'2026-02-26 06:17:45','2026-02-18',NULL,'2026-02-26 06:17:45','2026-02-26 06:17:45'),(454,133,'AB22','4.1041150LB.A0050','A218022604','SS304 RAISED ANSI 150LBS 2\"',NULL,NULL,116,0,2.00,NULL,NULL,NULL,2.00,'SE-2026-007','A06','netto',1,'2026-02-26 06:17:45','2026-02-18',NULL,'2026-02-26 06:17:45','2026-02-26 06:17:45'),(455,133,'AB22','4.1041150LB.A0050','A218022605','SS304 RAISED ANSI 150LBS 2\"',NULL,NULL,112,0,2.00,NULL,NULL,NULL,2.00,'SE-2026-007','A06','netto',1,'2026-02-26 06:17:45','2026-02-18',NULL,'2026-02-26 06:17:45','2026-02-26 06:17:45'),(456,133,'AB22','4.1041150LB.A0050','A218022606','SS304 RAISED ANSI 150LBS 2\"',NULL,NULL,100,0,2.00,NULL,NULL,NULL,2.00,'SE-2026-007','A06','netto',1,'2026-02-26 06:17:45','2026-02-18',NULL,'2026-02-26 06:17:45','2026-02-26 06:17:45'),(457,133,'AB22','4.1041150LB.A0050','A218022607','SS304 RAISED ANSI 150LBS 2\"',NULL,NULL,112,0,2.00,NULL,NULL,NULL,2.00,'SE-2026-007','A06','netto',1,'2026-02-26 06:17:45','2026-02-18',NULL,'2026-02-26 06:17:45','2026-02-26 06:17:45'),(458,133,'AB22','4.1041150LB.A0050','A218022608','SS304 RAISED ANSI 150LBS 2\"',NULL,NULL,164,0,2.00,NULL,NULL,NULL,2.00,'SE-2026-007','A06','netto',1,'2026-02-26 06:17:45','2026-02-18',NULL,'2026-02-26 06:17:45','2026-02-26 06:17:45'),(459,120,'AB09','4.101110K.A0065','A218022611','SS304 JIS 10K 2-1/2\"',NULL,NULL,102,0,2.59,NULL,NULL,NULL,2.59,'SE-2026-007','A06','netto',2,'2026-02-26 06:17:45','2026-02-18',NULL,'2026-02-26 06:17:45','2026-02-26 06:17:45'),(460,120,'AB09','4.101110K.A0065','A218022612','SS304 JIS 10K 2-1/2\"',NULL,NULL,106,0,2.59,NULL,NULL,NULL,2.59,'SE-2026-007','A06','netto',2,'2026-02-26 06:17:45','2026-02-18',NULL,'2026-02-26 06:17:45','2026-02-26 06:17:45'),(461,120,'AB09','4.101110K.A0065','A218022613','SS304 JIS 10K 2-1/2\"',NULL,NULL,114,0,2.59,NULL,NULL,NULL,2.59,'SE-2026-007','A06','netto',2,'2026-02-26 06:17:45','2026-02-18',NULL,'2026-02-26 06:17:45','2026-02-26 06:17:45'),(462,120,'AB09','4.101110K.A0065','A218022614','SS304 JIS 10K 2-1/2\"',NULL,NULL,96,0,2.59,NULL,NULL,NULL,2.59,'SE-2026-007','A06','netto',2,'2026-02-26 06:17:45','2026-02-18',NULL,'2026-02-26 06:17:45','2026-02-26 06:17:45'),(463,120,'AB09','4.101110K.A0065','A218022615','SS304 JIS 10K 2-1/2\"',NULL,NULL,96,0,2.59,NULL,NULL,NULL,2.59,'SE-2026-007','A06','netto',2,'2026-02-26 06:17:45','2026-02-18',NULL,'2026-02-26 06:17:45','2026-02-26 06:17:45'),(464,120,'AB09','4.101110K.A0065','A218022616','SS304 JIS 10K 2-1/2\"',NULL,NULL,86,0,2.59,NULL,NULL,NULL,2.59,'SE-2026-007','A06','netto',2,'2026-02-26 06:17:45','2026-02-18',NULL,'2026-02-26 06:17:45','2026-02-26 06:17:45'),(465,120,'AB09','4.101110K.A0065','A218022617','SS304 JIS 10K 2-1/2\"',NULL,NULL,32,0,2.59,NULL,NULL,NULL,2.59,'SE-2026-007','A06','netto',2,'2026-02-26 06:17:45','2026-02-18',NULL,'2026-02-26 06:17:45','2026-02-26 06:17:45'),(466,160,'AB49','4.1091150LB.A0500','A218022617','SS304 SORF ANSI 150LBS 20\"',NULL,NULL,2,0,62.29,NULL,NULL,NULL,62.29,'SE-2026-007','A06','netto',4,'2026-02-26 06:17:45','2026-02-18',NULL,'2026-02-26 06:17:45','2026-02-26 06:17:45'),(467,112,'AB01','4.101105K.A0020','A418022610','SS304 JIS 5K 3/4\"',NULL,NULL,48,0,0.36,NULL,NULL,NULL,0.36,'SE-2026-007','A06','netto',1,'2026-02-26 06:17:45','2026-02-18',NULL,'2026-02-26 06:17:45','2026-02-26 06:17:45'),(468,NULL,'ILB279','4.1021ENPN16ILRED.D0100.T12','A419022604','SS304 REDUCED PN 16 T12 DN 100',NULL,NULL,7,0,2.42,NULL,NULL,NULL,2.42,NULL,'E01','netto',2,'2026-02-26 06:18:36','2026-02-19',NULL,'2026-02-26 06:18:36','2026-02-26 06:18:36'),(469,NULL,'ILB279','4.1021ENPN16ILRED.D0100.T12','A419022605','SS304 REDUCED PN 16 T12 DN 100',NULL,NULL,7,0,2.42,NULL,NULL,NULL,2.42,NULL,'E01','netto',2,'2026-02-26 06:18:36','2026-02-19',NULL,'2026-02-26 06:18:36','2026-02-26 06:18:36'),(470,NULL,'ILB279','4.1021ENPN16ILRED.D0100.T12','A419022606','SS304 REDUCED PN 16 T12 DN 100',NULL,NULL,7,0,2.42,NULL,NULL,NULL,2.42,NULL,'E01','netto',2,'2026-02-26 06:18:36','2026-02-19',NULL,'2026-02-26 06:18:36','2026-02-26 06:18:36'),(471,NULL,'ET570','4.1081UNIPN16RED.D0050.T10','LA219022603','SS304 REDUCED LOOSE UNI 6090 PN 16 T10 DN 50',NULL,NULL,160,0,1.36,NULL,NULL,NULL,1.36,NULL,'E02','netto',1,'2026-02-26 06:18:36','2026-02-19',NULL,'2026-02-26 06:18:36','2026-02-26 06:18:36'),(472,NULL,'ETB525','4.1031SPC.MM4080','LA419022607','SS304 SPECIAL MM4080 DN 80',NULL,NULL,40,0,0.89,NULL,NULL,NULL,0.89,NULL,'E02','netto',2,'2026-02-26 06:18:36','2026-02-19',NULL,'2026-02-26 06:18:36','2026-02-26 06:18:36'),(473,NULL,'ETB525','4.1031SPC.MM4080','LA419022608','SS304 SPECIAL MM4080 DN 80',NULL,NULL,40,0,0.89,NULL,NULL,NULL,0.89,NULL,'E02','netto',2,'2026-02-26 06:18:36','2026-02-19',NULL,'2026-02-26 06:18:36','2026-02-26 06:18:36'),(474,NULL,'ETB525','4.1031SPC.MM4080','LA419022609','SS304 SPECIAL MM4080 DN 80',NULL,NULL,100,0,0.89,NULL,NULL,NULL,0.89,NULL,'E02','netto',2,'2026-02-26 06:18:37','2026-02-19',NULL,'2026-02-26 06:18:37','2026-02-26 06:18:37'),(475,NULL,'ETB527','4.1032SPC.MM6080','LP419022610','SS316 SPECIAL MM6080 DN 80',NULL,NULL,22,0,0.89,NULL,NULL,NULL,0.89,NULL,'E02','netto',2,'2026-02-26 06:18:37','2026-02-19',NULL,'2026-02-26 06:18:37','2026-02-26 06:18:37'),(476,NULL,'ETB501','4.1012UNIPN06.D0040','LP419022610','SS316 UNI 2276 PN 6 DN 40',NULL,NULL,22,0,1.20,NULL,NULL,NULL,1.20,NULL,'E02','netto',1,'2026-02-26 06:18:37','2026-02-19',NULL,'2026-02-26 06:18:37','2026-02-26 06:18:37'),(477,NULL,'ETB502','4.1012UNIPN06.D0050','LP419022610','SS316 UNI 2276 PN 6 DN 50',NULL,NULL,36,0,1.31,NULL,NULL,NULL,1.31,NULL,'E02','netto',1,'2026-02-26 06:18:37','2026-02-19',NULL,'2026-02-26 06:18:37','2026-02-26 06:18:37'),(478,NULL,'ETB502','4.1012UNIPN06.D0050','LP419022611','SS316 UNI 2276 PN 6 DN 50',NULL,NULL,90,0,1.31,NULL,NULL,NULL,1.31,NULL,'E02','netto',1,'2026-02-26 06:18:37','2026-02-19',NULL,'2026-02-26 06:18:37','2026-02-26 06:18:37'),(479,NULL,'ETB502','4.1012UNIPN06.D0050','LP419022612','SS316 UNI 2276 PN 6 DN 50',NULL,NULL,108,0,1.31,NULL,NULL,NULL,1.31,NULL,'E02','netto',1,'2026-02-26 06:18:37','2026-02-19',NULL,'2026-02-26 06:18:37','2026-02-26 06:18:37'),(480,177,'UN14','4.1011TABLEEID.A0080','A219022612','SS304 TABLE E ID90.7 3\"',NULL,NULL,44,0,1.70,NULL,NULL,NULL,1.70,'SE-2026-005','A02','netto',2,'2026-02-26 06:18:37','2026-02-19',NULL,'2026-02-26 06:18:37','2026-02-26 06:18:37'),(481,177,'UN14','4.1011TABLEEID.A0080','A219022613','SS304 TABLE E ID90.7 3\"',NULL,NULL,16,0,1.70,NULL,NULL,NULL,1.70,'SE-2026-005','A02','netto',2,'2026-02-26 06:18:37','2026-02-19',NULL,'2026-02-26 06:18:37','2026-02-26 06:18:37'),(482,177,'UN14','4.1011TABLEEID.A0080','A219022625','SS304 TABLE E ID90.7 3\"',NULL,NULL,19,0,1.70,NULL,NULL,NULL,1.70,'SE-2026-005','A02','netto',2,'2026-02-26 06:18:37','2026-02-19',NULL,'2026-02-26 06:18:37','2026-02-26 06:18:37'),(483,120,'AB09','4.101110K.A0065','A219022601','SS304 JIS 10K 2-1/2\"',NULL,NULL,100,0,2.59,NULL,NULL,NULL,2.59,'SE-2026-007','A06','netto',2,'2026-02-26 06:18:37','2026-02-19',NULL,'2026-02-26 06:18:37','2026-02-26 06:18:37'),(484,NULL,'AB09','4.101110K.A0065','A219022602','SS304 JIS 10K 2-1/2\"',NULL,NULL,80,0,2.59,NULL,NULL,NULL,2.59,NULL,'A06','netto',2,'2026-02-26 06:18:37','2026-02-19',NULL,'2026-02-26 06:18:37','2026-02-26 06:18:37'),(485,158,'AB47','4.109110KSOH.A0200','A219022602','SS304 JIS 10K SOH-FF 8\"',NULL,NULL,3,0,8.63,NULL,NULL,NULL,8.63,'SE-2026-007','A06','netto',3,'2026-02-26 06:18:37','2026-02-19',NULL,'2026-02-26 06:18:37','2026-02-26 06:18:37'),(486,158,'AB47','4.109110KSOH.A0200','A219022604','SS304 JIS 10K SOH-FF 8\"',NULL,NULL,15,0,8.63,NULL,NULL,NULL,8.63,'SE-2026-007','A06','netto',3,'2026-02-26 06:18:37','2026-02-19',NULL,'2026-02-26 06:18:37','2026-02-26 06:18:37'),(487,158,'AB47','4.109110KSOH.A0200','A219022605','SS304 JIS 10K SOH-FF 8\"',NULL,NULL,8,0,8.63,NULL,NULL,NULL,8.63,'SE-2026-007','A06','netto',3,'2026-02-26 06:18:37','2026-02-19',NULL,'2026-02-26 06:18:37','2026-02-26 06:18:37'),(488,133,'AB22','4.1041150LB.A0050','A219022604','SS304 RAISED ANSI 150LBS 2\"',NULL,NULL,68,0,2.00,NULL,NULL,NULL,2.00,'SE-2026-007','A06','netto',1,'2026-02-26 06:18:37','2026-02-19',NULL,'2026-02-26 06:18:37','2026-02-26 06:18:37'),(489,133,'AB22','4.1041150LB.A0050','A219022605','SS304 RAISED ANSI 150LBS 2\"',NULL,NULL,76,0,2.00,NULL,NULL,NULL,2.00,'SE-2026-007','A06','netto',1,'2026-02-26 06:18:37','2026-02-19',NULL,'2026-02-26 06:18:37','2026-02-26 06:18:37'),(490,133,'AB22','4.1041150LB.A0050','A219022606','SS304 RAISED ANSI 150LBS 2\"',NULL,NULL,112,0,2.00,NULL,NULL,NULL,2.00,'SE-2026-007','A06','netto',1,'2026-02-26 06:18:37','2026-02-19',NULL,'2026-02-26 06:18:37','2026-02-26 06:18:37'),(491,140,'AB29','4.1041ENPN40.D0040','A219022606','SS304 RAISED EN1092-1 PN 40 1-1/2\" DN 40',NULL,NULL,12,0,1.83,NULL,NULL,NULL,1.83,'SE-2026-007','A06','netto',1,'2026-02-26 06:18:37','2026-02-19',NULL,'2026-02-26 06:18:37','2026-02-26 06:18:37'),(492,140,'AB29','4.1041ENPN40.D0040','A219022607','SS304 RAISED EN1092-1 PN 40 1-1/2\" DN 40',NULL,NULL,112,0,1.83,NULL,NULL,NULL,1.83,'SE-2026-007','A06','netto',1,'2026-02-26 06:18:37','2026-02-19',NULL,'2026-02-26 06:18:37','2026-02-26 06:18:37'),(493,140,'AB29','4.1041ENPN40.D0040','A219022608','SS304 RAISED EN1092-1 PN 40 1-1/2\" DN 40',NULL,NULL,108,0,1.83,NULL,NULL,NULL,1.83,'SE-2026-007','A06','netto',1,'2026-02-26 06:18:37','2026-02-19',NULL,'2026-02-26 06:18:37','2026-02-26 06:18:37'),(494,140,'AB29','4.1041ENPN40.D0040','A219022609','SS304 RAISED EN1092-1 PN 40 1-1/2\" DN 40',NULL,NULL,20,0,1.83,NULL,NULL,NULL,1.83,'SE-2026-007','A06','netto',1,'2026-02-26 06:18:37','2026-02-19',NULL,'2026-02-26 06:18:37','2026-02-26 06:18:37'),(495,136,'AB25','4.1041150LB.A0300','A219022609','SS304 RAISED ANSI 150LBS 12\"',NULL,NULL,12,0,22.52,NULL,NULL,NULL,22.52,'SE-2026-007','A06','netto',3,'2026-02-26 06:18:37','2026-02-19',NULL,'2026-02-26 06:18:37','2026-02-26 06:18:37'),(496,163,'AB52','4.110110K.A0065','A219022615','SS304 BSP THREADED JIS 10K 2-1/2\"',NULL,NULL,68,0,2.93,NULL,NULL,NULL,2.93,'SE-2026-007','A06','netto',2,'2026-02-26 06:18:37','2026-02-19',NULL,'2026-02-26 06:18:37','2026-02-26 06:18:37'),(497,163,'AB52','4.110110K.A0065','A219022616','SS304 BSP THREADED JIS 10K 2-1/2\"',NULL,NULL,82,0,2.93,NULL,NULL,NULL,2.93,'SE-2026-007','A06','netto',2,'2026-02-26 06:18:37','2026-02-19',NULL,'2026-02-26 06:18:37','2026-02-26 06:18:37'),(498,163,'AB52','4.110110K.A0065','A219022617','SS304 BSP THREADED JIS 10K 2-1/2\"',NULL,NULL,4,0,2.93,NULL,NULL,NULL,2.93,'SE-2026-007','A06','netto',2,'2026-02-26 06:18:37','2026-02-19',NULL,'2026-02-26 06:18:37','2026-02-26 06:18:37'),(499,121,'AB10','4.101110K.A0080','A219022610','SS304 JIS 10K 3\"',NULL,NULL,92,0,2.59,NULL,NULL,NULL,2.59,'SE-2026-007','A06','netto',2,'2026-02-26 06:18:37','2026-02-19',NULL,'2026-02-26 06:18:37','2026-02-26 06:18:37'),(500,121,'AB10','4.101110K.A0080','A219022611','SS304 JIS 10K 3\"',NULL,NULL,84,0,2.59,NULL,NULL,NULL,2.59,'SE-2026-007','A06','netto',2,'2026-02-26 06:18:37','2026-02-19',NULL,'2026-02-26 06:18:37','2026-02-26 06:18:37'),(501,121,'AB10','4.101110K.A0080','A219022612','SS304 JIS 10K 3\"',NULL,NULL,46,0,2.59,NULL,NULL,NULL,2.59,'SE-2026-007','A06','netto',2,'2026-02-26 06:18:37','2026-02-19',NULL,'2026-02-26 06:18:37','2026-02-26 06:18:37'),(502,121,'AB10','4.101110K.A0080','A219022613','SS304 JIS 10K 3\"',NULL,NULL,72,0,2.59,NULL,NULL,NULL,2.59,'SE-2026-007','A06','netto',2,'2026-02-26 06:18:37','2026-02-19',NULL,'2026-02-26 06:18:37','2026-02-26 06:18:37'),(503,121,'AB10','4.101110K.A0080','A219022614','SS304 JIS 10K 3\"',NULL,NULL,106,0,2.59,NULL,NULL,NULL,2.59,'SE-2026-007','A06','netto',2,'2026-02-26 06:18:38','2026-02-19',NULL,'2026-02-26 06:18:38','2026-02-26 06:18:38'),(504,160,'AB49','4.1091150LB.A0500','A219022617','SS304 SORF ANSI 150LBS 20\"',NULL,NULL,3,0,62.29,NULL,NULL,NULL,62.29,'SE-2026-007','A06','netto',4,'2026-02-26 06:18:38','2026-02-19',NULL,'2026-02-26 06:18:38','2026-02-26 06:18:38'),(505,136,'AB25','4.1041150LB.A0300','A219022617','SS304 RAISED ANSI 150LBS 12\"',NULL,NULL,4,0,22.52,NULL,NULL,NULL,22.52,'SE-2026-007','A06','netto',3,'2026-02-26 06:18:38','2026-02-19',NULL,'2026-02-26 06:18:38','2026-02-26 06:18:38'),(506,NULL,'IL186','4.1052ENPN10IL.D0350','P220022609','SS316 BLIND PN 10 DN 350',NULL,NULL,3,0,40.04,84.76,62.42,NULL,40.04,NULL,'E01','netto',4,'2026-02-26 06:19:15','2026-02-20',NULL,'2026-02-26 06:19:15','2026-02-26 06:19:15'),(507,NULL,'ILB279','4.1021ENPN16ILRED.D0100.T12','A420022603','SS304 REDUCED PN 16 T12 DN 100',NULL,NULL,14,0,2.42,NULL,NULL,NULL,2.42,NULL,'E01','netto',2,'2026-02-26 06:19:15','2026-02-20',NULL,'2026-02-26 06:19:15','2026-02-26 06:19:15'),(508,NULL,'ILB279','4.1021ENPN16ILRED.D0100.T12','A420022604','SS304 REDUCED PN 16 T12 DN 100',NULL,NULL,14,0,2.42,NULL,NULL,NULL,2.42,NULL,'E01','netto',2,'2026-02-26 06:19:15','2026-02-20',NULL,'2026-02-26 06:19:15','2026-02-26 06:19:15'),(509,NULL,'ILB279','4.1021ENPN16ILRED.D0100.T12','A420022605','SS304 REDUCED PN 16 T12 DN 100',NULL,NULL,7,0,2.42,NULL,NULL,NULL,2.42,NULL,'E01','netto',2,'2026-02-26 06:19:15','2026-02-20',NULL,'2026-02-26 06:19:15','2026-02-26 06:19:15'),(510,NULL,'ILB279','4.1021ENPN16ILRED.D0100.T12','A420022606','SS304 REDUCED PN 16 T12 DN 100',NULL,NULL,7,0,2.42,NULL,NULL,NULL,2.42,NULL,'E01','netto',2,'2026-02-26 06:19:15','2026-02-20',NULL,'2026-02-26 06:19:15','2026-02-26 06:19:15'),(511,NULL,'ILB279','4.1021ENPN16ILRED.D0100.T12','A420022607','SS304 REDUCED PN 16 T12 DN 100',NULL,NULL,49,0,2.42,NULL,NULL,NULL,2.42,NULL,'E01','netto',2,'2026-02-26 06:19:15','2026-02-20',NULL,'2026-02-26 06:19:15','2026-02-26 06:19:15'),(512,NULL,'ET545','4.1052UNIPN06.D0200','LP220022609','SS316 BLIND UNI 6091 PN 6 DN 200',NULL,NULL,10,0,12.43,20.80,17.62,NULL,12.43,NULL,'E02','netto',3,'2026-02-26 06:19:15','2026-02-20',NULL,'2026-02-26 06:19:15','2026-02-26 06:19:15'),(513,NULL,'ETB502','4.1012UNIPN06.D0050','LP420022611','SS316 UNI 2276 PN 6 DN 50',NULL,NULL,72,0,1.31,NULL,NULL,NULL,1.31,NULL,'E02','netto',1,'2026-02-26 06:19:15','2026-02-20',NULL,'2026-02-26 06:19:15','2026-02-26 06:19:15'),(514,NULL,'ETB502','4.1012UNIPN06.D0050','LP420022612','SS316 UNI 2276 PN 6 DN 50',NULL,NULL,108,0,1.31,NULL,NULL,NULL,1.31,NULL,'E02','netto',1,'2026-02-26 06:19:15','2026-02-20',NULL,'2026-02-26 06:19:15','2026-02-26 06:19:15'),(515,NULL,'BA108','4.1041DINPN40.A0040','A220022603','SS304 RAISED DIN 2501 PN 40 1-1/2\"',NULL,NULL,20,0,1.85,NULL,NULL,NULL,1.85,NULL,'A00','netto',1,'2026-02-26 06:19:15','2026-02-20',NULL,'2026-02-26 06:19:15','2026-02-26 06:19:15'),(516,NULL,'BA108','4.1041DINPN40.A0040','A220022608','SS304 RAISED DIN 2501 PN 40 1-1/2\"',NULL,NULL,52,0,1.85,NULL,NULL,NULL,1.85,NULL,'A00','netto',1,'2026-02-26 06:19:16','2026-02-20',NULL,'2026-02-26 06:19:16','2026-02-26 06:19:16'),(517,NULL,'S577','4.101210K.A0100','P220022609','SS316 JIS 10K 4\"',NULL,NULL,24,0,3.11,5.37,4.63,NULL,3.11,NULL,'STOK NON PO','netto',2,'2026-02-26 06:19:16','2026-02-20',NULL,'2026-02-26 06:19:16','2026-02-26 06:19:16'),(518,163,'AB52','4.110110K.A0065','A220022601','SS304 BSP THREADED JIS 10K 2-1/2\"',NULL,NULL,64,0,2.93,NULL,NULL,NULL,2.93,'SE-2026-007','A06','netto',2,'2026-02-26 06:19:16','2026-02-20',NULL,'2026-02-26 06:19:16','2026-02-26 06:19:16'),(519,163,'AB52','4.110110K.A0065','A220022602','SS304 BSP THREADED JIS 10K 2-1/2\"',NULL,NULL,76,0,2.93,NULL,NULL,NULL,2.93,'SE-2026-007','A06','netto',2,'2026-02-26 06:19:16','2026-02-20',NULL,'2026-02-26 06:19:16','2026-02-26 06:19:16'),(520,163,'AB52','4.110110K.A0065','A220022608','SS304 BSP THREADED JIS 10K 2-1/2\"',NULL,NULL,58,0,2.93,NULL,NULL,NULL,2.93,'SE-2026-007','A06','netto',2,'2026-02-26 06:19:16','2026-02-20',NULL,'2026-02-26 06:19:16','2026-02-26 06:19:16'),(521,140,'AB29','4.1041ENPN40.D0040','A220022603','SS304 RAISED EN1092-1 PN 40 1-1/2\" DN 40',NULL,NULL,40,0,1.83,NULL,NULL,NULL,1.83,'SE-2026-007','A06','netto',1,'2026-02-26 06:19:16','2026-02-20',NULL,'2026-02-26 06:19:16','2026-02-26 06:19:16'),(522,140,'AB29','4.1041ENPN40.D0040','A220022604','SS304 RAISED EN1092-1 PN 40 1-1/2\" DN 40',NULL,NULL,56,0,1.83,NULL,NULL,NULL,1.83,'SE-2026-007','A06','netto',1,'2026-02-26 06:19:16','2026-02-20',NULL,'2026-02-26 06:19:16','2026-02-26 06:19:16'),(523,140,'AB29','4.1041ENPN40.D0040','A220022605','SS304 RAISED EN1092-1 PN 40 1-1/2\" DN 40',NULL,NULL,56,0,1.83,NULL,NULL,NULL,1.83,'SE-2026-007','A06','netto',1,'2026-02-26 06:19:16','2026-02-20',NULL,'2026-02-26 06:19:16','2026-02-26 06:19:16'),(524,140,'AB29','4.1041ENPN40.D0040','A220022606','SS304 RAISED EN1092-1 PN 40 1-1/2\" DN 40',NULL,NULL,68,0,1.83,NULL,NULL,NULL,1.83,'SE-2026-007','A06','netto',1,'2026-02-26 06:19:16','2026-02-20',NULL,'2026-02-26 06:19:16','2026-02-26 06:19:16'),(525,140,'AB29','4.1041ENPN40.D0040','A220022607','SS304 RAISED EN1092-1 PN 40 1-1/2\" DN 40',NULL,NULL,72,0,1.83,NULL,NULL,NULL,1.83,'SE-2026-007','A06','netto',1,'2026-02-26 06:19:16','2026-02-20',NULL,'2026-02-26 06:19:16','2026-02-26 06:19:16'),(526,141,'AB30','4.1041ENPN40.D0150','A220022603','SS304 RAISED EN1092-1 PN 40 6\" DN 150',NULL,NULL,16,0,9.58,NULL,NULL,NULL,9.58,'SE-2026-007','A06','netto',3,'2026-02-26 06:19:16','2026-02-20',NULL,'2026-02-26 06:19:16','2026-02-26 06:19:16'),(527,141,'AB30','4.1041ENPN40.D0150','A220022604','SS304 RAISED EN1092-1 PN 40 6\" DN 150',NULL,NULL,11,0,9.58,NULL,NULL,NULL,9.58,'SE-2026-007','A06','netto',3,'2026-02-26 06:19:16','2026-02-20',NULL,'2026-02-26 06:19:16','2026-02-26 06:19:16'),(528,141,'AB30','4.1041ENPN40.D0150','A220022605','SS304 RAISED EN1092-1 PN 40 6\" DN 150',NULL,NULL,13,0,9.58,NULL,NULL,NULL,9.58,'SE-2026-007','A06','netto',3,'2026-02-26 06:19:16','2026-02-20',NULL,'2026-02-26 06:19:16','2026-02-26 06:19:16'),(529,141,'AB30','4.1041ENPN40.D0150','A220022606','SS304 RAISED EN1092-1 PN 40 6\" DN 150',NULL,NULL,10,0,9.58,NULL,NULL,NULL,9.58,'SE-2026-007','A06','netto',3,'2026-02-26 06:19:16','2026-02-20',NULL,'2026-02-26 06:19:16','2026-02-26 06:19:16'),(530,NULL,'AB30','4.1041ENPN40.D0150','A220022607','SS304 RAISED EN1092-1 PN 40 6\" DN 150',NULL,NULL,6,0,9.58,NULL,NULL,NULL,9.58,NULL,'A06','netto',3,'2026-02-26 06:19:16','2026-02-20',NULL,'2026-02-26 06:19:16','2026-02-26 06:19:16'),(531,NULL,'BA148','4.101110KNS.A0040','A222022602','SS304 JIS 10K NS 1-1/2\"',NULL,NULL,172,0,1.37,NULL,NULL,NULL,1.37,NULL,'A00','netto',1,'2026-02-26 06:21:43','2026-02-22',NULL,'2026-02-26 06:21:43','2026-02-26 06:21:43'),(532,NULL,'BA148','4.101110KNS.A0040','A222022603','SS304 JIS 10K NS 1-1/2\"',NULL,NULL,152,0,1.37,NULL,NULL,NULL,1.37,NULL,'A00','netto',1,'2026-02-26 06:21:43','2026-02-22',NULL,'2026-02-26 06:21:43','2026-02-26 06:21:43'),(533,NULL,'BA148','4.101110KNS.A0040','A222022604','SS304 JIS 10K NS 1-1/2\"',NULL,NULL,172,0,1.37,NULL,NULL,NULL,1.37,NULL,'A00','netto',1,'2026-02-26 06:21:43','2026-02-22',NULL,'2026-02-26 06:21:43','2026-02-26 06:21:43'),(534,NULL,'BA148','4.101110KNS.A0040','A222022605','SS304 JIS 10K NS 1-1/2\"',NULL,NULL,172,0,1.37,NULL,NULL,NULL,1.37,NULL,'A00','netto',1,'2026-02-26 06:21:43','2026-02-22',NULL,'2026-02-26 06:21:43','2026-02-26 06:21:43'),(535,NULL,'ET570','4.1081UNIPN16RED.D0050.T10','LA223022604','SS304 REDUCED LOOSE UNI 6090 PN 16 T10 DN 50',NULL,NULL,80,0,1.36,NULL,NULL,NULL,1.36,NULL,'E02','netto',1,'2026-02-26 06:22:23','2026-02-23',NULL,'2026-02-26 06:22:23','2026-02-26 06:22:23'),(536,NULL,'ETB525','4.1031SPC.MM4080','LA423022602','SS304 SPECIAL MM4080 DN 80',NULL,NULL,40,0,0.89,NULL,NULL,NULL,0.89,NULL,'E02','netto',2,'2026-02-26 06:22:23','2026-02-23',NULL,'2026-02-26 06:22:23','2026-02-26 06:22:23'),(537,NULL,'ETB524','4.1031SPC.MM4065','LA423022602','SS304 SPECIAL MM4065 DN 65',NULL,NULL,24,0,0.77,NULL,NULL,NULL,0.77,NULL,'E02','netto',2,'2026-02-26 06:22:23','2026-02-23',NULL,'2026-02-26 06:22:23','2026-02-26 06:22:23'),(538,NULL,'ETB524','4.1031SPC.MM4065','LA423022603','SS304 SPECIAL MM4065 DN 65',NULL,NULL,72,0,0.77,NULL,NULL,NULL,0.77,NULL,'E02','netto',2,'2026-02-26 06:22:23','2026-02-23',NULL,'2026-02-26 06:22:23','2026-02-26 06:22:23'),(539,NULL,'ETB524','4.1031SPC.MM4065','LA423022605','SS304 SPECIAL MM4065 DN 65',NULL,NULL,48,0,0.77,NULL,NULL,NULL,0.77,NULL,'E02','netto',2,'2026-02-26 06:22:23','2026-02-23',NULL,'2026-02-26 06:22:23','2026-02-26 06:22:23'),(540,NULL,'ETB524','4.1031SPC.MM4065','LA423022606','SS304 SPECIAL MM4065 DN 65',NULL,NULL,48,0,0.77,NULL,NULL,NULL,0.77,NULL,'E02','netto',2,'2026-02-26 06:22:23','2026-02-23',NULL,'2026-02-26 06:22:23','2026-02-26 06:22:23'),(541,NULL,'ETB524','4.1031SPC.MM4065','LA423022607','SS304 SPECIAL MM4065 DN 65',NULL,NULL,48,0,0.77,NULL,NULL,NULL,0.77,NULL,'E02','netto',2,'2026-02-26 06:22:23','2026-02-23',NULL,'2026-02-26 06:22:23','2026-02-26 06:22:23'),(542,NULL,'ETB524','4.1031SPC.MM4065','LA423022608','SS304 SPECIAL MM4065 DN 65',NULL,NULL,48,0,0.77,NULL,NULL,NULL,0.77,NULL,'E02','netto',2,'2026-02-26 06:22:23','2026-02-23',NULL,'2026-02-26 06:22:23','2026-02-26 06:22:23'),(543,NULL,'ET573','4.1081UNIPN16RED.D0100.T12','LA423022610','SS304 REDUCED LOOSE UNI 6090 PN 16 T12 DN 100',NULL,NULL,42,0,2.37,NULL,NULL,NULL,2.37,NULL,'E02','netto',2,'2026-02-26 06:22:23','2026-02-23',NULL,'2026-02-26 06:22:23','2026-02-26 06:22:23'),(544,NULL,'ETB502','4.1012UNIPN06.D0050','LP423022611','SS316 UNI 2276 PN 6 DN 50',NULL,NULL,36,0,1.31,NULL,NULL,NULL,1.31,NULL,'E02','netto',1,'2026-02-26 06:22:23','2026-02-23',NULL,'2026-02-26 06:22:23','2026-02-26 06:22:23'),(545,NULL,'ETB526','4.1032SPC.MM6065','LP423022612','SS316 SPECIAL MM6065 DN 65',NULL,NULL,144,0,0.77,NULL,NULL,NULL,0.77,NULL,'E02','netto',2,'2026-02-26 06:22:23','2026-02-23',NULL,'2026-02-26 06:22:23','2026-02-26 06:22:23'),(546,NULL,'BA148','4.101110KNS.A0040','A223022601','SS304 JIS 10K NS 1-1/2\"',NULL,NULL,168,0,1.37,NULL,NULL,NULL,1.37,NULL,'A00','netto',1,'2026-02-26 06:22:23','2026-02-23',NULL,'2026-02-26 06:22:23','2026-02-26 06:22:23'),(547,NULL,'BA148','4.101110KNS.A0040','A223022605','SS304 JIS 10K NS 1-1/2\"',NULL,NULL,92,0,1.37,NULL,NULL,NULL,1.37,NULL,'A00','netto',1,'2026-02-26 06:22:23','2026-02-23',NULL,'2026-02-26 06:22:23','2026-02-26 06:22:23'),(548,NULL,'BA148','4.101110KNS.A0040','A223022609','SS304 JIS 10K NS 1-1/2\"',NULL,NULL,16,0,1.37,NULL,NULL,NULL,1.37,NULL,'A00','netto',1,'2026-02-26 06:22:23','2026-02-23',NULL,'2026-02-26 06:22:23','2026-02-26 06:22:23'),(549,NULL,'BA106','4.1041DINPN40.A0050','A223022607','SS304 RAISED DIN 2501 PN 40 2\"',NULL,NULL,20,0,2.46,NULL,NULL,NULL,2.46,NULL,'A00','netto',1,'2026-02-26 06:22:23','2026-02-23',NULL,'2026-02-26 06:22:23','2026-02-26 06:22:23'),(550,NULL,'BA109','4.1041DINPN40.A0050','A223022607','SS304 RAISED DIN 2501 PN 40 2\"',NULL,NULL,12,0,2.46,NULL,NULL,NULL,2.46,NULL,'A00','netto',1,'2026-02-26 06:22:23','2026-02-23',NULL,'2026-02-26 06:22:23','2026-02-26 06:22:23'),(551,NULL,'BA109','4.1041DINPN40.A0050','A223022608','SS304 RAISED DIN 2501 PN 40 2\"',NULL,NULL,80,0,2.46,NULL,NULL,NULL,2.46,NULL,'A00','netto',1,'2026-02-26 06:22:23','2026-02-23',NULL,'2026-02-26 06:22:23','2026-02-26 06:22:23'),(552,NULL,'BA107','4.1041DINPN40.A0025','A223022605','SS304 RAISED DIN 2501 PN 40 1\"',NULL,NULL,60,0,1.16,NULL,NULL,NULL,1.16,NULL,'A00','netto',1,'2026-02-26 06:22:23','2026-02-23',NULL,'2026-02-26 06:22:23','2026-02-26 06:22:23'),(553,NULL,'BA160','4.1041DINPN10.A0300','A223022602','SS304 RAISED DIN 2501 PN 10 12\"',NULL,NULL,14,0,12.31,NULL,NULL,NULL,12.31,NULL,'A00','netto',3,'2026-02-26 06:22:23','2026-02-23',NULL,'2026-02-26 06:22:23','2026-02-26 06:22:23'),(554,NULL,'BA161','4.1041DINPN10.A0200','A223022603','SS304 RAISED DIN 2501 PN 10 8\"',NULL,NULL,15,0,8.56,NULL,NULL,NULL,8.56,NULL,'A00','netto',3,'2026-02-26 06:22:23','2026-02-23',NULL,'2026-02-26 06:22:23','2026-02-26 06:22:23'),(555,NULL,'BA167','4.1041DINPN16.A0300','A223022602','SS304 RAISED DIN 2501 PN 16 12\"',NULL,NULL,2,0,15.19,NULL,NULL,NULL,15.19,NULL,'A00','netto',3,'2026-02-26 06:22:23','2026-02-23',NULL,'2026-02-26 06:22:23','2026-02-26 06:22:23'),(556,NULL,'BA167','4.1041DINPN16.A0300','A223022603','SS304 RAISED DIN 2501 PN 16 12\"',NULL,NULL,7,0,15.19,NULL,NULL,NULL,15.19,NULL,'A00','netto',3,'2026-02-26 06:22:23','2026-02-23',NULL,'2026-02-26 06:22:23','2026-02-26 06:22:23'),(557,NULL,'BA167','4.1041DINPN16.A0300','A223022604','SS304 RAISED DIN 2501 PN 16 12\"',NULL,NULL,7,0,15.19,NULL,NULL,NULL,15.19,NULL,'A00','netto',3,'2026-02-26 06:22:23','2026-02-23',NULL,'2026-02-26 06:22:23','2026-02-26 06:22:23'),(558,NULL,'BA168','4.1041DINPN16.A0050','A223022606','SS304 RAISED DIN 2501 PN 16 2\"',NULL,NULL,100,0,2.19,NULL,NULL,NULL,2.19,NULL,'A00','netto',1,'2026-02-26 06:22:24','2026-02-23',NULL,'2026-02-26 06:22:24','2026-02-26 06:22:24'),(559,NULL,'BA168','4.1041DINPN16.A0050','A223022607','SS304 RAISED DIN 2501 PN 16 2\"',NULL,NULL,60,0,2.19,NULL,NULL,NULL,2.19,NULL,'A00','netto',1,'2026-02-26 06:22:24','2026-02-23',NULL,'2026-02-26 06:22:24','2026-02-26 06:22:24'),(560,NULL,'S626','4.1111DINPN16.A0020','A423022602','SS304 WNRF DIN 2633 PN 16 3/4\"',NULL,NULL,56,0,0.96,NULL,NULL,NULL,0.96,NULL,'STOK NON PO','netto',1,'2026-02-26 06:22:24','2026-02-23',NULL,'2026-02-26 06:22:24','2026-02-26 06:22:24'),(561,NULL,'S625','4.1111DINPN16.A0015','A423022603','SS304 WNRF DIN 2633 PN 16 1/2\"',NULL,NULL,56,0,0.66,NULL,NULL,NULL,0.66,NULL,'STOK NON PO','netto',1,'2026-02-26 06:22:24','2026-02-23',NULL,'2026-02-26 06:22:24','2026-02-26 06:22:24'),(562,NULL,'S631','4.1091150LB.A0025','A423022605','SS304 SORF ANSI 150LBS 1\"',NULL,NULL,21,0,0.78,NULL,NULL,NULL,0.78,NULL,'STOK NON PO','netto',1,'2026-02-26 06:22:24','2026-02-23',NULL,'2026-02-26 06:22:24','2026-02-26 06:22:24'),(563,NULL,'AB49','4.1091150LB.A0500','A223022609','SS304 SORF ANSI 150LBS 20\"',NULL,NULL,1,0,62.29,NULL,NULL,NULL,62.29,NULL,'A06','netto',4,'2026-02-26 06:22:24','2026-02-23',NULL,'2026-02-26 06:22:24','2026-02-26 06:22:24'),(564,136,'AB25','4.1041150LB.A0300','A223022609','SS304 RAISED ANSI 150LBS 12\"',NULL,NULL,7,0,22.52,NULL,NULL,NULL,22.52,'SE-2026-007','A06','netto',3,'2026-02-26 06:22:24','2026-02-23',NULL,'2026-02-26 06:22:24','2026-02-26 06:22:24'),(565,163,'AB52','4.110110K.A0065','A223022610','SS304 BSP THREADED JIS 10K 2-1/2\"',NULL,NULL,78,0,2.93,NULL,NULL,NULL,2.93,'SE-2026-007','A06','netto',2,'2026-02-26 06:22:24','2026-02-23',NULL,'2026-02-26 06:22:24','2026-02-26 06:22:24'),(566,163,'AB52','4.110110K.A0065','A223022611','SS304 BSP THREADED JIS 10K 2-1/2\"',NULL,NULL,80,0,2.93,NULL,NULL,NULL,2.93,'SE-2026-007','A06','netto',2,'2026-02-26 06:22:24','2026-02-23',NULL,'2026-02-26 06:22:24','2026-02-26 06:22:24'),(567,163,'AB52','4.110110K.A0065','A223022612','SS304 BSP THREADED JIS 10K 2-1/2\"',NULL,NULL,80,0,2.93,NULL,NULL,NULL,2.93,'SE-2026-007','A06','netto',2,'2026-02-26 06:22:24','2026-02-23',NULL,'2026-02-26 06:22:24','2026-02-26 06:22:24'),(568,163,'AB52','4.110110K.A0065','A223022613','SS304 BSP THREADED JIS 10K 2-1/2\"',NULL,NULL,80,0,2.93,NULL,NULL,NULL,2.93,'SE-2026-007','A06','netto',2,'2026-02-26 06:22:24','2026-02-23',NULL,'2026-02-26 06:22:24','2026-02-26 06:22:24'),(569,NULL,'AB52','4.110110K.A0065','A223022614','SS304 BSP THREADED JIS 10K 2-1/2\"',NULL,NULL,42,0,2.93,NULL,NULL,NULL,2.93,NULL,'A06','netto',2,'2026-02-26 06:22:24','2026-02-23',NULL,'2026-02-26 06:22:24','2026-02-26 06:22:24'),(570,NULL,'AB11','4.101110K.A0150','A223022614','SS304 JIS 10K 6\"',NULL,NULL,19,0,6.33,NULL,NULL,NULL,6.33,NULL,'A06','netto',3,'2026-02-26 06:22:24','2026-02-23',NULL,'2026-02-26 06:22:24','2026-02-26 06:22:24'),(571,NULL,'AB11','4.101110K.A0150','A223022615','SS304 JIS 10K 6\"',NULL,NULL,38,0,6.33,NULL,NULL,NULL,6.33,NULL,'A06','netto',3,'2026-02-26 06:22:24','2026-02-23',NULL,'2026-02-26 06:22:24','2026-02-26 06:22:24'),(572,NULL,'AB11','4.101110K.A0150','A223022616','SS304 JIS 10K 6\"',NULL,NULL,39,0,6.33,NULL,NULL,NULL,6.33,NULL,'A06','netto',3,'2026-02-26 06:22:24','2026-02-23',NULL,'2026-02-26 06:22:24','2026-02-26 06:22:24'),(573,NULL,'AB11','4.101110K.A0150','A223022617','SS304 JIS 10K 6\"',NULL,NULL,36,0,6.33,NULL,NULL,NULL,6.33,NULL,'A06','netto',3,'2026-02-26 06:22:24','2026-02-23',NULL,'2026-02-26 06:22:24','2026-02-26 06:22:24'),(574,NULL,'AB11','4.101110K.A0150','A223022618','SS304 JIS 10K 6\"',NULL,NULL,28,0,6.33,NULL,NULL,NULL,6.33,NULL,'A06','netto',3,'2026-02-26 06:22:24','2026-02-23',NULL,'2026-02-26 06:22:24','2026-02-26 06:22:24'),(575,NULL,'IL252','4.1011ENPN16IL.D0100','A224022613','SS304 PN 16 DN 100',NULL,NULL,54,0,4.03,NULL,NULL,NULL,4.03,NULL,'E01','netto',2,'2026-02-26 06:23:11','2026-02-24',NULL,'2026-02-26 06:23:11','2026-02-26 06:23:11'),(576,NULL,'IL252','4.1011ENPN16IL.D0100','A224022614','SS304 PN 16 DN 100',NULL,NULL,24,0,4.03,NULL,NULL,NULL,4.03,NULL,'E01','netto',2,'2026-02-26 06:23:11','2026-02-24',NULL,'2026-02-26 06:23:11','2026-02-26 06:23:11'),(577,NULL,'IL252','4.1011ENPN16IL.D0100','A224022615','SS304 PN 16 DN 100',NULL,NULL,68,0,4.03,NULL,NULL,NULL,4.03,NULL,'E01','netto',2,'2026-02-26 06:23:11','2026-02-24',NULL,'2026-02-26 06:23:11','2026-02-26 06:23:11'),(578,NULL,'IL252','4.1011ENPN16IL.D0100','A224022616','SS304 PN 16 DN 100',NULL,NULL,44,0,4.03,NULL,NULL,NULL,4.03,NULL,'E01','netto',2,'2026-02-26 06:23:11','2026-02-24',NULL,'2026-02-26 06:23:11','2026-02-26 06:23:11'),(579,NULL,'IL252','4.1011ENPN16IL.D0100','A224022617','SS304 PN 16 DN 100',NULL,NULL,74,0,4.03,NULL,NULL,NULL,4.03,NULL,'E01','netto',2,'2026-02-26 06:23:11','2026-02-24',NULL,'2026-02-26 06:23:11','2026-02-26 06:23:11'),(580,NULL,'ILB279','4.1021ENPN16ILRED.D0100.T12','A424022602','SS304 REDUCED PN 16 T12 DN 100',NULL,NULL,14,0,2.42,NULL,NULL,NULL,2.42,NULL,'E01','netto',2,'2026-02-26 06:23:11','2026-02-24',NULL,'2026-02-26 06:23:11','2026-02-26 06:23:11'),(581,NULL,'ETB524','4.1031SPC.MM4065','LA424022604','SS304 SPECIAL MM4065 DN 65',NULL,NULL,120,0,0.77,NULL,NULL,NULL,0.77,NULL,'E02','netto',2,'2026-02-26 06:23:11','2026-02-24',NULL,'2026-02-26 06:23:11','2026-02-26 06:23:11'),(582,NULL,'ET573','4.1081UNIPN16RED.D0100.T12','LA424022606','SS304 REDUCED LOOSE UNI 6090 PN 16 T12 DN 100',NULL,NULL,14,0,2.37,NULL,NULL,NULL,2.37,NULL,'E02','netto',2,'2026-02-26 06:23:11','2026-02-24',NULL,'2026-02-26 06:23:11','2026-02-26 06:23:11'),(583,NULL,'ET573','4.1081UNIPN16RED.D0100.T12','LA424022607','SS304 REDUCED LOOSE UNI 6090 PN 16 T12 DN 100',NULL,NULL,28,0,2.37,NULL,NULL,NULL,2.37,NULL,'E02','netto',2,'2026-02-26 06:23:11','2026-02-24',NULL,'2026-02-26 06:23:11','2026-02-26 06:23:11'),(584,NULL,'ET573','4.1081UNIPN16RED.D0100.T12','LA424022611','SS304 REDUCED LOOSE UNI 6090 PN 16 T12 DN 100',NULL,NULL,42,0,2.37,NULL,NULL,NULL,2.37,NULL,'E02','netto',2,'2026-02-26 06:23:11','2026-02-24',NULL,'2026-02-26 06:23:11','2026-02-26 06:23:11'),(585,NULL,'ET573','4.1081UNIPN16RED.D0100.T12','LA424022612','SS304 REDUCED LOOSE UNI 6090 PN 16 T12 DN 100',NULL,NULL,49,0,2.37,NULL,NULL,NULL,2.37,NULL,'E02','netto',2,'2026-02-26 06:23:11','2026-02-24',NULL,'2026-02-26 06:23:11','2026-02-26 06:23:11'),(586,NULL,'BA105','4.1041DINPN40.A0015','A224022602','SS304 RAISED DIN 2501 PN 40 1/2\"',NULL,NULL,28,0,0.69,NULL,NULL,NULL,0.69,NULL,'A00','netto',1,'2026-02-26 06:23:11','2026-02-24',NULL,'2026-02-26 06:23:11','2026-02-26 06:23:11'),(587,NULL,'BA156','4.101110KNS.A0125','A224022602','SS304 JIS 10K NS 5\"',NULL,NULL,24,0,4.04,NULL,NULL,NULL,4.04,NULL,'A00','netto',2,'2026-02-26 06:23:11','2026-02-24',NULL,'2026-02-26 06:23:11','2026-02-26 06:23:11'),(588,NULL,'BA156','4.101110KNS.A0125','A224022603','SS304 JIS 10K NS 5\"',NULL,NULL,48,0,4.04,NULL,NULL,NULL,4.04,NULL,'A00','netto',2,'2026-02-26 06:23:11','2026-02-24',NULL,'2026-02-26 06:23:11','2026-02-26 06:23:11'),(589,NULL,'BA156','4.101110KNS.A0125','A224022604','SS304 JIS 10K NS 5\"',NULL,NULL,57,0,4.04,NULL,NULL,NULL,4.04,NULL,'A00','netto',2,'2026-02-26 06:23:11','2026-02-24',NULL,'2026-02-26 06:23:11','2026-02-26 06:23:11'),(590,NULL,'S654','4.101110K.A0150','A224022601','SS304 JIS 10K 6\"',NULL,NULL,31,0,6.33,NULL,NULL,NULL,6.33,NULL,'STOK NON PO','netto',3,'2026-02-26 06:23:11','2026-02-24',NULL,'2026-02-26 06:23:11','2026-02-26 06:23:11'),(591,NULL,'S654','4.101110K.A0150','A224022602','SS304 JIS 10K 6\"',NULL,NULL,18,0,6.33,NULL,NULL,NULL,6.33,NULL,'STOK NON PO','netto',3,'2026-02-26 06:23:11','2026-02-24',NULL,'2026-02-26 06:23:11','2026-02-26 06:23:11'),(592,NULL,'S621','4.1092150LB.A0025','P424022608','SS316 SORF ANSI 150LBS 1\"',NULL,NULL,96,0,0.78,NULL,NULL,NULL,0.78,NULL,'STOK NON PO','netto',1,'2026-02-26 06:23:12','2026-02-24',NULL,'2026-02-26 06:23:12','2026-02-26 06:23:12'),(593,NULL,'AB11','4.101110K.A0150','A224022601','SS304 JIS 10K 6\"',NULL,NULL,10,0,6.33,NULL,NULL,NULL,6.33,NULL,'A06','netto',3,'2026-02-26 06:23:12','2026-02-24',NULL,'2026-02-26 06:23:12','2026-02-26 06:23:12'),(594,136,'AB25','4.1041150LB.A0300','A224022608','SS304 RAISED ANSI 150LBS 12\"',NULL,NULL,10,0,22.52,NULL,NULL,NULL,22.52,'SE-2026-007','A06','netto',3,'2026-02-26 06:23:12','2026-02-24',NULL,'2026-02-26 06:23:12','2026-02-26 06:23:12'),(595,124,'AB13','4.1011DINPN10.A0150','A224022605','SS304 DIN 2576 PN 10 6\"',NULL,NULL,4,0,6.59,NULL,NULL,NULL,6.59,'SE-2026-007','A06','netto',3,'2026-02-26 06:23:12','2026-02-24',NULL,'2026-02-26 06:23:12','2026-02-26 06:23:12'),(596,124,'AB13','4.1011DINPN10.A0150','A224022606','SS304 DIN 2576 PN 10 6\"',NULL,NULL,31,0,6.59,NULL,NULL,NULL,6.59,'SE-2026-007','A06','netto',3,'2026-02-26 06:23:12','2026-02-24',NULL,'2026-02-26 06:23:12','2026-02-26 06:23:12'),(597,124,'AB13','4.1011DINPN10.A0150','A224022607','SS304 DIN 2576 PN 10 6\"',NULL,NULL,5,0,6.59,NULL,NULL,NULL,6.59,'SE-2026-007','A06','netto',3,'2026-02-26 06:23:12','2026-02-24',NULL,'2026-02-26 06:23:12','2026-02-26 06:23:12'),(598,157,'AB46','4.109110KSOH.A0150','A224022608','SS304 JIS 10K SOH-FF 6\"',NULL,NULL,4,0,7.22,NULL,NULL,NULL,7.22,'SE-2026-007','A06','netto',3,'2026-02-26 06:23:12','2026-02-24',NULL,'2026-02-26 06:23:12','2026-02-26 06:23:12'),(599,134,'AB23','4.1041150LB.A0100','A224022605','SS304 RAISED ANSI 150LBS 4\"',NULL,NULL,33,0,5.06,NULL,NULL,NULL,5.06,'SE-2026-007','A06','netto',2,'2026-02-26 06:23:12','2026-02-24',NULL,'2026-02-26 06:23:12','2026-02-26 06:23:12'),(600,134,'AB23','4.1041150LB.A0100','A224022607','SS304 RAISED ANSI 150LBS 4\"',NULL,NULL,10,0,5.06,NULL,NULL,NULL,5.06,'SE-2026-007','A06','netto',2,'2026-02-26 06:23:12','2026-02-24',NULL,'2026-02-26 06:23:12','2026-02-26 06:23:12'),(601,162,'AB51','4.110110K.A0050','A224022609','SS304 BSP THREADED JIS 10K 2\"',NULL,NULL,90,0,2.11,NULL,NULL,NULL,2.11,'SE-2026-007','A06','netto',1,'2026-02-26 06:23:12','2026-02-24',NULL,'2026-02-26 06:23:12','2026-02-26 06:23:12'),(602,162,'AB51','4.110110K.A0050','A224022610','SS304 BSP THREADED JIS 10K 2\"',NULL,NULL,90,0,2.11,NULL,NULL,NULL,2.11,'SE-2026-007','A06','netto',1,'2026-02-26 06:23:12','2026-02-24',NULL,'2026-02-26 06:23:12','2026-02-26 06:23:12'),(603,162,'AB51','4.110110K.A0050','A224022611','SS304 BSP THREADED JIS 10K 2\"',NULL,NULL,28,0,2.11,NULL,NULL,NULL,2.11,'SE-2026-007','A06','netto',1,'2026-02-26 06:23:12','2026-02-24',NULL,'2026-02-26 06:23:12','2026-02-26 06:23:12'),(604,162,'AB51','4.110110K.A0050','A224022612','SS304 BSP THREADED JIS 10K 2\"',NULL,NULL,92,0,2.11,NULL,NULL,NULL,2.11,'SE-2026-007','A06','netto',1,'2026-02-26 06:23:12','2026-02-24',NULL,'2026-02-26 06:23:12','2026-02-26 06:23:12'),(605,157,'AB46','4.109110KSOH.A0150','A224022611','SS304 JIS 10K SOH-FF 6\"',NULL,NULL,20,0,7.22,NULL,NULL,NULL,7.22,'SE-2026-007','A06','netto',3,'2026-02-26 06:23:12','2026-02-24',NULL,'2026-02-26 06:23:12','2026-02-26 06:23:12'),(606,156,'AB45','4.109110KSOH.A0125','A224022614','SS304 JIS 10K SOH-FF 5\"',NULL,NULL,28,0,5.49,NULL,NULL,NULL,5.49,'SE-2026-007','A06','netto',2,'2026-02-26 06:23:12','2026-02-24',NULL,'2026-02-26 06:23:12','2026-02-26 06:23:12'),(607,156,'AB45','4.109110KSOH.A0125','A224022616','SS304 JIS 10K SOH-FF 5\"',NULL,NULL,8,0,5.49,NULL,NULL,NULL,5.49,'SE-2026-007','A06','netto',2,'2026-02-26 06:23:12','2026-02-24',NULL,'2026-02-26 06:23:12','2026-02-26 06:23:12'),(608,NULL,'IL252','4.1011ENPN16IL.D0100','A225022601','SS304 PN 16 DN 100',NULL,NULL,68,0,4.03,NULL,NULL,NULL,4.03,NULL,'E01','netto',2,'2026-02-26 06:24:09','2026-02-25',NULL,'2026-02-26 06:24:09','2026-02-26 06:24:09'),(609,NULL,'IL252','4.1011ENPN16IL.D0100','A225022613','SS304 PN 16 DN 100',NULL,NULL,44,0,4.03,NULL,NULL,NULL,4.03,NULL,'E01','netto',2,'2026-02-26 06:24:09','2026-02-25',NULL,'2026-02-26 06:24:09','2026-02-26 06:24:09'),(610,NULL,'IL252','4.1011ENPN16IL.D0100','A225022614','SS304 PN 16 DN 100',NULL,NULL,62,0,4.03,NULL,NULL,NULL,4.03,NULL,'E01','netto',2,'2026-02-26 06:24:09','2026-02-25',NULL,'2026-02-26 06:24:09','2026-02-26 06:24:09'),(611,NULL,'IL252','4.1011ENPN16IL.D0100','A225022615','SS304 PN 16 DN 100',NULL,NULL,12,0,4.03,NULL,NULL,NULL,4.03,NULL,'E01','netto',2,'2026-02-26 06:24:09','2026-02-25',NULL,'2026-02-26 06:24:09','2026-02-26 06:24:09'),(612,NULL,'IL252','4.1011ENPN16IL.D0100','A225022616','SS304 PN 16 DN 100',NULL,NULL,56,0,4.03,NULL,NULL,NULL,4.03,NULL,'E01','netto',2,'2026-02-26 06:24:09','2026-02-25',NULL,'2026-02-26 06:24:09','2026-02-26 06:24:09'),(613,NULL,'IL252','4.1011ENPN16IL.D0100','A225022617','SS304 PN 16 DN 100',NULL,NULL,56,0,4.03,NULL,NULL,NULL,4.03,NULL,'E01','netto',2,'2026-02-26 06:24:09','2026-02-25',NULL,'2026-02-26 06:24:09','2026-02-26 06:24:09'),(614,NULL,'IL252','4.1011ENPN16IL.D0100','A225022618','SS304 PN 16 DN 100',NULL,NULL,40,0,4.03,NULL,NULL,NULL,4.03,NULL,'E01','netto',2,'2026-02-26 06:24:09','2026-02-25',NULL,'2026-02-26 06:24:09','2026-02-26 06:24:09'),(615,NULL,'ETB529','4.1041SPC.D0025','LA425022602','SS304 SPECIAL RAISED ID34 OD80 T10 DN 25',NULL,NULL,60,0,0.31,NULL,NULL,NULL,0.31,NULL,'E02','netto',1,'2026-02-26 06:24:09','2026-02-25',NULL,'2026-02-26 06:24:09','2026-02-26 06:24:09'),(616,NULL,'ET570','4.1081UNIPN16RED.D0050.T10','LA425022604','SS304 REDUCED LOOSE UNI 6090 PN 16 T10 DN 50',NULL,NULL,22,0,1.36,NULL,NULL,NULL,1.36,NULL,'E02','netto',1,'2026-02-26 06:24:09','2026-02-25',NULL,'2026-02-26 06:24:09','2026-02-26 06:24:09'),(617,NULL,'ET573','4.1081UNIPN16RED.D0100.T12','LA425022604','SS304 REDUCED LOOSE UNI 6090 PN 16 T12 DN 100',NULL,NULL,7,0,2.37,NULL,NULL,NULL,2.37,NULL,'E02','netto',2,'2026-02-26 06:24:09','2026-02-25',NULL,'2026-02-26 06:24:09','2026-02-26 06:24:09'),(618,NULL,'ET573','4.1081UNIPN16RED.D0100.T12','LA425022607','SS304 REDUCED LOOSE UNI 6090 PN 16 T12 DN 100',NULL,NULL,14,0,2.37,NULL,NULL,NULL,2.37,NULL,'E02','netto',2,'2026-02-26 06:24:09','2026-02-25',NULL,'2026-02-26 06:24:09','2026-02-26 06:24:09'),(619,NULL,'ET570','4.1081UNIPN16RED.D0050.T10','LA425022607','SS304 REDUCED LOOSE UNI 6090 PN 16 T10 DN 50',NULL,NULL,64,0,1.36,NULL,NULL,NULL,1.36,NULL,'E02','netto',1,'2026-02-26 06:24:09','2026-02-25',NULL,'2026-02-26 06:24:09','2026-02-26 06:24:09'),(620,NULL,'ET573','4.1081UNIPN16RED.D0100.T12','LA425022608','SS304 REDUCED LOOSE UNI 6090 PN 16 T12 DN 100',NULL,NULL,14,0,2.37,NULL,NULL,NULL,2.37,NULL,'E02','netto',2,'2026-02-26 06:24:09','2026-02-25',NULL,'2026-02-26 06:24:09','2026-02-26 06:24:09'),(621,NULL,'ET570','4.1081UNIPN16RED.D0050.T10','LA425022608','SS304 REDUCED LOOSE UNI 6090 PN 16 T10 DN 50',NULL,NULL,64,0,1.36,NULL,NULL,NULL,1.36,NULL,'E02','netto',1,'2026-02-26 06:24:09','2026-02-25',NULL,'2026-02-26 06:24:09','2026-02-26 06:24:09'),(622,NULL,'ET573','4.1081UNIPN16RED.D0100.T12','LA425022611','SS304 REDUCED LOOSE UNI 6090 PN 16 T12 DN 100',NULL,NULL,42,0,2.37,NULL,NULL,NULL,2.37,NULL,'E02','netto',2,'2026-02-26 06:24:09','2026-02-25',NULL,'2026-02-26 06:24:09','2026-02-26 06:24:09'),(623,NULL,'ET573','4.1081UNIPN16RED.D0100.T12','LA425022612','SS304 REDUCED LOOSE UNI 6090 PN 16 T12 DN 100',NULL,NULL,28,0,2.37,NULL,NULL,NULL,2.37,NULL,'E02','netto',2,'2026-02-26 06:24:09','2026-02-25',NULL,'2026-02-26 06:24:09','2026-02-26 06:24:09'),(624,NULL,'ET570','4.1081UNIPN16RED.D0050.T10','LA425022612','SS304 REDUCED LOOSE UNI 6090 PN 16 T10 DN 50',NULL,NULL,48,0,1.36,NULL,NULL,NULL,1.36,NULL,'E02','netto',1,'2026-02-26 06:24:09','2026-02-25',NULL,'2026-02-26 06:24:09','2026-02-26 06:24:09'),(625,NULL,'BA167','4.1041DINPN16.A0300','A225022602','SS304 RAISED DIN 2501 PN 16 12\"',NULL,NULL,7,0,15.19,NULL,NULL,NULL,15.19,NULL,'A00','netto',3,'2026-02-26 06:24:09','2026-02-25',NULL,'2026-02-26 06:24:09','2026-02-26 06:24:09'),(626,NULL,'BA167','4.1041DINPN16.A0300','A225022606','SS304 RAISED DIN 2501 PN 16 12\"',NULL,NULL,8,0,15.19,NULL,NULL,NULL,15.19,NULL,'A00','netto',3,'2026-02-26 06:24:09','2026-02-25',NULL,'2026-02-26 06:24:09','2026-02-26 06:24:09'),(627,NULL,'BA157','4.101110KNS.A0150','A225022615','SS304 JIS 10K NS 6\"',NULL,NULL,28,0,5.18,NULL,NULL,NULL,5.18,NULL,'A00','netto',3,'2026-02-26 06:24:09','2026-02-25',NULL,'2026-02-26 06:24:09','2026-02-26 06:24:09'),(628,NULL,'BA157','4.101110KNS.A0150','A225022618','SS304 JIS 10K NS 6\"',NULL,NULL,30,0,5.18,NULL,NULL,NULL,5.18,NULL,'A00','netto',3,'2026-02-26 06:24:09','2026-02-25',NULL,'2026-02-26 06:24:09','2026-02-26 06:24:09'),(629,134,'AB23','4.1041150LB.A0100','A225022602','SS304 RAISED ANSI 150LBS 4\"',NULL,NULL,25,0,5.06,NULL,NULL,NULL,5.06,'SE-2026-007','A06','netto',2,'2026-02-26 06:24:09','2026-02-25',NULL,'2026-02-26 06:24:09','2026-02-26 06:24:09'),(630,134,'AB23','4.1041150LB.A0100','A225022603','SS304 RAISED ANSI 150LBS 4\"',NULL,NULL,20,0,5.06,NULL,NULL,NULL,5.06,'SE-2026-007','A06','netto',2,'2026-02-26 06:24:09','2026-02-25',NULL,'2026-02-26 06:24:09','2026-02-26 06:24:09'),(631,134,'AB23','4.1041150LB.A0100','A225022604','SS304 RAISED ANSI 150LBS 4\"',NULL,NULL,37,0,5.06,NULL,NULL,NULL,5.06,'SE-2026-007','A06','netto',2,'2026-02-26 06:24:09','2026-02-25',NULL,'2026-02-26 06:24:09','2026-02-26 06:24:09'),(632,134,'AB23','4.1041150LB.A0100','A225022605','SS304 RAISED ANSI 150LBS 4\"',NULL,NULL,28,0,5.06,NULL,NULL,NULL,5.06,'SE-2026-007','A06','netto',2,'2026-02-26 06:24:09','2026-02-25',NULL,'2026-02-26 06:24:09','2026-02-26 06:24:09'),(633,134,'AB23','4.1041150LB.A0100','A225022606','SS304 RAISED ANSI 150LBS 4\"',NULL,NULL,26,0,5.06,NULL,NULL,NULL,5.06,'SE-2026-007','A06','netto',2,'2026-02-26 06:24:09','2026-02-25',NULL,'2026-02-26 06:24:09','2026-02-26 06:24:09'),(634,134,'AB23','4.1041150LB.A0100','A225022607','SS304 RAISED ANSI 150LBS 4\"',NULL,NULL,27,0,5.06,NULL,NULL,NULL,5.06,'SE-2026-007','A06','netto',2,'2026-02-26 06:24:09','2026-02-25',NULL,'2026-02-26 06:24:09','2026-02-26 06:24:09'),(635,134,'AB23','4.1041150LB.A0100','A225022608','SS304 RAISED ANSI 150LBS 4\"',NULL,NULL,41,0,5.06,NULL,NULL,NULL,5.06,'SE-2026-007','A06','netto',2,'2026-02-26 06:24:09','2026-02-25',NULL,'2026-02-26 06:24:09','2026-02-26 06:24:09'),(636,134,'AB23','4.1041150LB.A0100','A225022609','SS304 RAISED ANSI 150LBS 4\"',NULL,NULL,6,0,5.06,NULL,NULL,NULL,5.06,'SE-2026-007','A06','netto',2,'2026-02-26 06:24:09','2026-02-25',NULL,'2026-02-26 06:24:09','2026-02-26 06:24:09'),(637,136,'AB25','4.1041150LB.A0300','A225022609','SS304 RAISED ANSI 150LBS 12\"',NULL,NULL,11,0,22.52,NULL,NULL,NULL,22.52,'SE-2026-007','A06','netto',3,'2026-02-26 06:24:09','2026-02-25',NULL,'2026-02-26 06:24:09','2026-02-26 06:24:09'),(638,150,'AB39','4.109110KSOH.A0025','A225022604','SS304 JIS 10K SOH-FF 1\"',NULL,NULL,60,0,1.16,NULL,NULL,NULL,1.16,'SE-2026-007','A06','netto',1,'2026-02-26 06:24:09','2026-02-25',NULL,'2026-02-26 06:24:09','2026-02-26 06:24:09'),(639,138,'AB27','4.1041300LB.A0050','A225022603','SS304 RAISED ANSI 300LBS 2\"',NULL,NULL,28,0,2.69,NULL,NULL,NULL,2.69,'SE-2026-007','A06','netto',1,'2026-02-26 06:24:09','2026-02-25',NULL,'2026-02-26 06:24:09','2026-02-26 06:24:09'),(640,138,'AB27','4.1041300LB.A0050','A225022605','SS304 RAISED ANSI 300LBS 2\"',NULL,NULL,36,0,2.69,NULL,NULL,NULL,2.69,'SE-2026-007','A06','netto',1,'2026-02-26 06:24:09','2026-02-25',NULL,'2026-02-26 06:24:09','2026-02-26 06:24:09'),(641,148,'AB37','4.109110KSOH.A0015','A225022607','SS304 JIS 10K SOH-FF 1/2\"',NULL,NULL,64,0,0.58,NULL,NULL,NULL,0.58,'SE-2026-007','A06','netto',1,'2026-02-26 06:24:10','2026-02-25',NULL,'2026-02-26 06:24:10','2026-02-26 06:24:10'),(642,134,'AB23','4.1041150LB.A0100','A225022610','SS304 RAISED ANSI 150LBS 4\"',NULL,NULL,48,0,5.06,NULL,NULL,NULL,5.06,'SE-2026-007','A06','netto',2,'2026-02-26 06:24:10','2026-02-25',NULL,'2026-02-26 06:24:10','2026-02-26 06:24:10'),(643,134,'AB23','4.1041150LB.A0100','A225022611','SS304 RAISED ANSI 150LBS 4\"',NULL,NULL,42,0,5.06,NULL,NULL,NULL,5.06,'SE-2026-007','A06','netto',2,'2026-02-26 06:24:10','2026-02-25',NULL,'2026-02-26 06:24:10','2026-02-26 06:24:10'),(644,134,'AB23','4.1041150LB.A0100','A225022612','SS304 RAISED ANSI 150LBS 4\"',NULL,NULL,46,0,5.06,NULL,NULL,NULL,5.06,'SE-2026-007','A06','netto',2,'2026-02-26 06:24:10','2026-02-25',NULL,'2026-02-26 06:24:10','2026-02-26 06:24:10'),(645,NULL,'AB23','4.1041150LB.A0100','A225022613','SS304 RAISED ANSI 150LBS 4\"',NULL,NULL,15,0,5.06,NULL,NULL,NULL,5.06,NULL,'A06','netto',2,'2026-02-26 06:24:10','2026-02-25',NULL,'2026-02-26 06:24:10','2026-02-26 06:24:10');
/*!40000 ALTER TABLE `production_items` ENABLE KEYS */;
UNLOCK TABLES;

--
-- Table structure for table `production_plans`
--

DROP TABLE IF EXISTS `production_plans`;
/*!40101 SET @saved_cs_client     = @@character_set_client */;
/*!50503 SET character_set_client = utf8mb4 */;
CREATE TABLE `production_plans` (
  `id` bigint unsigned NOT NULL AUTO_INCREMENT,
  `code` varchar(255) CHARACTER SET utf8mb4 COLLATE utf8mb4_unicode_ci DEFAULT NULL,
  `item_code` varchar(255) CHARACTER SET utf8mb4 COLLATE utf8mb4_unicode_ci NOT NULL,
  `item_name` varchar(255) CHARACTER SET utf8mb4 COLLATE utf8mb4_unicode_ci NOT NULL,
  `aisi` varchar(255) CHARACTER SET utf8mb4 COLLATE utf8mb4_unicode_ci DEFAULT NULL,
  `size` varchar(255) CHARACTER SET utf8mb4 COLLATE utf8mb4_unicode_ci DEFAULT NULL,
  `weight` decimal(10,2) DEFAULT NULL,
  `po_number` varchar(255) CHARACTER SET utf8mb4 COLLATE utf8mb4_unicode_ci NOT NULL,
  `qty_planned` int NOT NULL,
  `qty_remaining` int NOT NULL,
  `line_number` int NOT NULL,
  `customer` varchar(255) CHARACTER SET utf8mb4 COLLATE utf8mb4_unicode_ci DEFAULT NULL,
  `status` enum('planning','active','completed') CHARACTER SET utf8mb4 COLLATE utf8mb4_unicode_ci NOT NULL DEFAULT 'planning',
  `created_at` timestamp NULL DEFAULT NULL,
  `updated_at` timestamp NULL DEFAULT NULL,
  PRIMARY KEY (`id`)
) ENGINE=InnoDB AUTO_INCREMENT=226 DEFAULT CHARSET=utf8mb4 COLLATE=utf8mb4_unicode_ci;
/*!40101 SET character_set_client = @saved_cs_client */;

--
-- Dumping data for table `production_plans`
--

LOCK TABLES `production_plans` WRITE;
/*!40000 ALTER TABLE `production_plans` DISABLE KEYS */;
INSERT INTO `production_plans` VALUES (6,NULL,'4.101105KID.A0350','SS304 JIS 5K ID359.1 14\"',NULL,NULL,NULL,'SE-2026-005',7,6,4,NULL,'active','2026-02-04 03:24:11','2026-02-03 21:43:38'),(15,NULL,'4.1011TABLEEID.A0080','SS304 TABLE E ID90.7 3\"',NULL,NULL,NULL,'SE-2026-005',80,-10,2,'A02','completed','2026-02-04 03:24:11','2026-02-04 00:50:34'),(26,NULL,'4.1041DINPN16ID.A0150','SS304 RAISED DIN 2501 PN 16 ID170.7 6\"',NULL,NULL,NULL,'SE-2026-005',200,192,3,NULL,'active','2026-02-04 03:24:11','2026-02-03 21:41:06'),(31,NULL,'4.1042DINPN16ID.A0015','SS316 RAISED DIN 2501 PN 16 ID22.3 1/2\"',NULL,NULL,NULL,'SE-2026-005',60,-20,1,'A02','completed','2026-02-04 03:24:11','2026-02-04 00:38:00'),(45,NULL,'4.1091150LB.A0050','SS304 SORF ANSI 150LBS 2\"',NULL,NULL,NULL,'SE-2026-005',600,240,1,'A02','active','2026-02-04 03:24:11','2026-02-04 00:37:43'),(49,NULL,'4.1091300LB.A0050','SS304 SORF ANSI 300LBS 2\"',NULL,NULL,NULL,'SE-2026-005',20,-16,1,'A02','completed','2026-02-04 03:24:11','2026-02-04 00:38:07'),(51,NULL,'4.1092150LB.A0020','SS316 SORF ANSI 150LBS 3/4\"',NULL,NULL,NULL,'SE-2026-005',30,30,1,'A02','active','2026-02-04 03:24:11','2026-02-04 00:38:23'),(104,NULL,'4.1091300LB.A0050','SS304 SORF ANSI 300LBS 2\"',NULL,NULL,NULL,'SE-2026-005',20,8,1,'A02','active','2026-02-04 03:24:12','2026-02-04 00:39:31'),(112,'AB01','4.101105K.A0020','SS304 JIS 5K 3/4\"','304','3/4\"',0.36,'SE-2026-007',200,152,1,'A06','active','2026-02-07 07:00:00','2026-02-26 06:17:45'),(113,'AB02','4.101105K.A0032','SS304 JIS 5K 1-1/4\"','304','1-1/4\"',0.78,'SE-2026-007',150,150,1,'A06','planning','2026-02-07 07:00:00','2026-02-07 07:00:00'),(114,'AB03','4.101105K.A0040','SS304 JIS 5K 1-1/2\"','304','1-1/2\"',0.83,'SE-2026-007',600,600,1,'A06','planning','2026-02-07 07:00:00','2026-02-07 07:00:00'),(115,'AB04','4.101105K.A0050','SS304 JIS 5K 2\"','304','2\"',1.06,'SE-2026-007',200,200,1,'A06','planning','2026-02-07 07:00:00','2026-02-07 07:00:00'),(116,'AB05','4.101105K.A0065','SS304 JIS 5K 2-1/2\"','304','2-1/2\"',1.49,'SE-2026-007',100,100,2,'A06','planning','2026-02-07 07:00:00','2026-02-07 07:00:00'),(117,'AB06','4.101105K.A0400','SS304 JIS 5K 16\"','304','16\"',17.01,'SE-2026-007',10,0,4,'A06','completed','2026-02-07 07:00:00','2026-02-26 06:11:59'),(118,'AB07','4.101110K.A0025','SS304 JIS 10K 1\"','304','1\"',1.13,'SE-2026-007',400,400,1,'A06','planning','2026-02-07 00:54:26','2026-02-07 00:54:26'),(119,'AB08','4.101110K.A0050','SS304 JIS 10K 2\"','304','2\"',1.87,'SE-2026-007',1,-95,1,'A06','completed','2026-02-07 00:54:26','2026-02-26 06:07:58'),(120,'AB09','4.101110K.A0065','SS304 JIS 10K 2-1/2\"','304','2-1/2\"',2.59,'SE-2026-007',720,-12,2,'A06','completed','2026-02-07 00:54:26','2026-02-26 06:18:37'),(121,'AB10','4.101110K.A0080','SS304 JIS 10K 3\"','304','3\"',2.59,'SE-2026-007',360,-40,2,'A06','completed','2026-02-07 00:54:26','2026-02-26 06:18:37'),(122,'AB11','4.101110K.A0150','SS304 JIS 10K 6\"','304','6\"',6.33,'SE-2026-007',150,-4,3,'A06','completed','2026-02-07 00:54:26','2026-02-26 06:13:51'),(123,'AB12','4.101120K.A0015','SS304 JIS 20K 1/2\"','304','1/2\"',0.66,'SE-2026-007',200,200,1,'A06','planning','2026-02-07 00:54:26','2026-02-07 00:54:26'),(124,'AB13','4.1011DINPN10.A0150','SS304 DIN 2576 PN 10 6\"','304','6\"',6.59,'SE-2026-007',50,10,3,'A06','active','2026-02-07 00:54:26','2026-02-26 06:23:12'),(125,'AB14','4.101205K.A0015','SS316 JIS 5K 1/2\"','316','1/2\"',0.30,'SE-2026-007',200,200,1,'A06','planning','2026-02-07 00:54:26','2026-02-07 00:54:26'),(126,'AB15','4.101205K.A0050','SS316 JIS 5K 2\"','316','2\"',1.06,'SE-2026-007',100,100,1,'A06','planning','2026-02-07 00:54:26','2026-02-07 00:54:26'),(127,'AB16','4.101205K.A0080','SS316 JIS 5K 3\"','316','3\"',1.98,'SE-2026-007',100,-10,2,'A06','completed','2026-02-07 00:54:26','2026-02-26 06:17:05'),(128,'AB17','4.101210K.A0080','SS316 JIS 10K 3\"','316','3\"',2.59,'SE-2026-007',200,-26,2,'A06','completed','2026-02-07 00:54:26','2026-02-26 06:17:05'),(129,'AB18','4.101210K.A0100','SS316 JIS 10K 4\"','316','4\"',3.11,'SE-2026-007',200,-34,2,'A06','completed','2026-02-07 00:54:26','2026-02-26 06:13:04'),(130,'AB19','4.1041150LB.A0020','SS304 RAISED ANSI 150LBS 3/4\"','304','3/4\"',0.56,'SE-2026-007',150,150,1,'A06','planning','2026-02-07 00:54:26','2026-02-07 00:54:26'),(131,'AB20','4.1041150LB.A0032','SS304 RAISED ANSI 150LBS 1-1/4\"','304','1-1/4\"',0.99,'SE-2026-007',100,100,1,'A06','planning','2026-02-07 00:54:26','2026-02-07 00:54:26'),(132,'AB21','4.1041150LB.A0040','SS304 RAISED ANSI 150LBS 1-1/2\"','304','1-1/2\"',1.28,'SE-2026-007',100,100,1,'A06','planning','2026-02-07 00:54:26','2026-02-07 00:54:26'),(133,'AB22','4.1041150LB.A0050','SS304 RAISED ANSI 150LBS 2\"','304','2\"',2.00,'SE-2026-007',900,-108,1,'A06','completed','2026-02-07 00:54:26','2026-02-26 06:18:37'),(134,'AB23','4.1041150LB.A0100','SS304 RAISED ANSI 150LBS 4\"','304','4\"',5.06,'SE-2026-007',360,-29,2,'A06','completed','2026-02-07 00:54:26','2026-02-26 06:24:10'),(135,'AB24','4.1041150LB.A0150','SS304 RAISED ANSI 150LBS 6\"','304','6\"',6.85,'SE-2026-007',260,260,3,'A06','planning','2026-02-07 00:54:26','2026-02-07 00:54:26'),(136,'AB25','4.1041150LB.A0300','SS304 RAISED ANSI 150LBS 12\"','304','12\"',22.52,'SE-2026-007',40,-4,3,'A06','completed','2026-02-07 00:54:26','2026-02-26 06:24:09'),(137,'AB26','4.1041300LB.A0040','SS304 RAISED ANSI 300LBS 1-1/2\"','304','1-1/2\"',2.37,'SE-2026-007',100,100,1,'A06','planning','2026-02-07 00:54:26','2026-02-07 00:54:26'),(138,'AB27','4.1041300LB.A0050','SS304 RAISED ANSI 300LBS 2\"','304','2\"',2.69,'SE-2026-007',100,36,1,'A06','active','2026-02-07 00:54:26','2026-02-26 06:24:09'),(139,'AB28','4.1041ENPN40.D0015','SS304 RAISED EN1092-1 PN 40 1/2\" DN 15','304','1/2\"',0.59,'SE-2026-007',200,200,1,'A06','planning','2026-02-07 00:54:26','2026-02-07 00:54:26'),(140,'AB29','4.1041ENPN40.D0040','SS304 RAISED EN1092-1 PN 40 1-1/2\" DN 40','304','1-1/2\"',1.83,'SE-2026-007',500,-44,1,'A06','completed','2026-02-07 00:54:26','2026-02-26 06:19:16'),(141,'AB30','4.1041ENPN40.D0150','SS304 RAISED EN1092-1 PN 40 6\" DN 150','304','6\"',9.58,'SE-2026-007',50,0,3,'A06','completed','2026-02-07 00:54:26','2026-02-26 06:19:16'),(142,'AB31','4.1042150LB.A0015','SS316 RAISED ANSI 150LBS 1/2\"','316','1/2\"',0.39,'SE-2026-007',100,100,1,'A06','planning','2026-02-07 00:54:26','2026-02-07 00:54:26'),(143,'AB32','4.1042150LB.A0050','SS316 RAISED ANSI 150LBS 2\"','316','2\"',2.00,'SE-2026-007',150,150,1,'A06','planning','2026-02-07 00:54:26','2026-02-07 00:54:26'),(144,'AB33','4.1042ENPN40.D0200','SS316 RAISED EN1092-1 PN 40 8\" DN 200','316','8\"',17.12,'SE-2026-007',10,10,3,'A06','planning','2026-02-07 00:54:27','2026-02-07 00:54:27'),(145,'AB34','4.105210K.A0080','SS316 BLIND JIS 10K 3\"','316','3\"',3.50,'SE-2026-007',30,-4,2,'A06','completed','2026-02-07 00:54:27','2026-02-26 06:13:04'),(146,'AB35','4.105210K.A0100','SS316 BLIND JIS 10K 4\"','316','4\"',4.60,'SE-2026-007',50,2,2,'A06','active','2026-02-07 00:54:27','2026-02-26 06:13:04'),(147,'AB36','4.105210K.A0150','SS316 BLIND JIS 10K 6\"','316','6\"',10.12,'SE-2026-007',20,-3,3,'A06','completed','2026-02-07 00:54:27','2026-02-26 06:13:04'),(148,'AB37','4.109110KSOH.A0015','SS304 JIS 10K SOH-FF 1/2\"','304','1/2\"',0.58,'SE-2026-007',50,-14,1,'A06','completed','2026-02-07 00:54:27','2026-02-26 06:24:09'),(149,'AB38','4.109110KSOH.A0020','SS304 JIS 10K SOH-FF 3/4\"','304','3/4\"',0.74,'SE-2026-007',50,50,1,'A06','planning','2026-02-07 00:54:27','2026-02-07 00:54:27'),(150,'AB39','4.109110KSOH.A0025','SS304 JIS 10K SOH-FF 1\"','304','1\"',1.16,'SE-2026-007',50,-10,1,'A06','completed','2026-02-07 00:54:27','2026-02-26 06:24:09'),(151,'AB40','4.109110KSOH.A0032','SS304 JIS 10K SOH-FF 1-1/4\"','304','1-1/4\"',1.51,'SE-2026-007',20,20,1,'A06','planning','2026-02-07 00:54:27','2026-02-07 00:54:27'),(152,'AB41','4.109110KSOH.A0050','SS304 JIS 10K SOH-FF 2\"','304','2\"',1.95,'SE-2026-007',60,60,1,'A06','planning','2026-02-07 00:54:27','2026-02-07 00:54:27'),(153,'AB42','4.109110KSOH.A0065','SS304 JIS 10K SOH-FF 2-1/2\"','304','2-1/2\"',2.72,'SE-2026-007',20,20,2,'A06','planning','2026-02-07 00:54:27','2026-02-07 00:54:27'),(154,'AB43','4.109110KSOH.A0080','SS304 JIS 10K SOH-FF 3\"','304','3\"',2.81,'SE-2026-007',20,20,2,'A06','planning','2026-02-07 00:54:27','2026-02-07 00:54:27'),(155,'AB44','4.109110KSOH.A0100','SS304 JIS 10K SOH-FF 4\"','304','4\"',3.51,'SE-2026-007',40,40,2,'A06','planning','2026-02-07 00:54:27','2026-02-07 00:54:27'),(156,'AB45','4.109110KSOH.A0125','SS304 JIS 10K SOH-FF 5\"','304','5\"',5.49,'SE-2026-007',30,-6,2,'A06','completed','2026-02-07 00:54:27','2026-02-26 06:23:12'),(157,'AB46','4.109110KSOH.A0150','SS304 JIS 10K SOH-FF 6\"','304','6\"',7.22,'SE-2026-007',20,-4,3,'A06','completed','2026-02-07 00:54:27','2026-02-26 06:23:12'),(158,'AB47','4.109110KSOH.A0200','SS304 JIS 10K SOH-FF 8\"','304','8\"',8.63,'SE-2026-007',20,-6,3,'A06','completed','2026-02-07 00:54:27','2026-02-26 06:18:37'),(159,'AB48','4.1091150LB.A0040','SS304 SORF ANSI 150LBS 1-1/2\"','304','1-1/2\"',1.33,'SE-2026-007',100,100,1,'A06','planning','2026-02-07 00:54:27','2026-02-07 00:54:27'),(160,'AB49','4.1091150LB.A0500','SS304 SORF ANSI 150LBS 20\"','304','20\"',62.29,'SE-2026-007',5,0,4,'A06','completed','2026-02-07 00:54:27','2026-02-26 06:18:38'),(161,'AB50','4.110110K.A0025','SS304 BSP THREADED JIS 10K 1\"','304','1\"',1.28,'SE-2026-007',200,200,1,'A06','planning','2026-02-07 00:54:27','2026-02-07 00:54:27'),(162,'AB51','4.110110K.A0050','SS304 BSP THREADED JIS 10K 2\"','304','2\"',2.11,'SE-2026-007',300,0,1,'A06','completed','2026-02-07 00:54:27','2026-02-26 06:23:12'),(163,'AB52','4.110110K.A0065','SS304 BSP THREADED JIS 10K 2-1/2\"','304','2-1/2\"',2.93,'SE-2026-007',600,-70,2,'A06','completed','2026-02-07 00:54:27','2026-02-26 06:22:24'),(164,'UN01','4.101105KID.A0025','SS304 JIS 5K ID34.5 1\"','304','1\"',0.45,'SE-2026-005',66,66,1,'A02','planning','2026-02-04 01:19:37','2026-02-04 01:19:37'),(165,'UN02','4.101105KID.A0032','SS304 JIS 5K ID43.2 1-1/4\"','304','1-1/4\"',0.78,'SE-2026-005',22,22,1,'A02','planning','2026-02-04 01:19:37','2026-02-04 01:19:37'),(166,'UN03','4.101105KID.A0040','SS304 JIS 5K ID49.5 1-1/2\"','304','1-1/2\"',0.82,'SE-2026-005',55,55,1,'A02','planning','2026-02-04 01:19:37','2026-02-04 01:19:37'),(167,'UN04','4.101105KID.A0065','SS304 JIS 5K ID74.7 2-1/2\"','304','2-1/2\"',1.52,'SE-2026-005',33,33,2,'A02','planning','2026-02-04 01:19:37','2026-02-04 01:19:37'),(169,'UN06','4.101110KID.A0032','SS304 JIS 10K ID43.2 1-1/4\"','304','1-1/4\"',1.48,'SE-2026-005',110,110,1,'A02','planning','2026-02-04 01:19:37','2026-02-04 01:19:37'),(170,'UN07','4.101110KID.A0065','SS304 JIS 10K ID74.7 2-1/2\"','304','2-1/2\"',2.63,'SE-2026-005',330,330,2,'A02','planning','2026-02-04 01:19:37','2026-02-04 01:19:37'),(171,'UN08','4.101110KID.A0080','SS304 JIS 10K ID90.7 3\"','304','3\"',2.58,'SE-2026-005',110,110,2,'A02','planning','2026-02-04 01:19:37','2026-02-04 01:19:37'),(172,'UN09','4.101110KID.A0100','SS304 JIS 10K ID116.1 4\"','304','4\"',3.09,'SE-2026-005',715,715,2,'A02','planning','2026-02-04 01:19:37','2026-02-04 01:19:37'),(173,'UN10','4.101110KID.A0150','SS304 JIS 10K ID170.7 6\"','304','6\"',6.14,'SE-2026-005',550,550,3,'A02','planning','2026-02-04 01:19:37','2026-02-04 01:19:37'),(174,'UN11','4.101110KID.A0200','SS304 JIS 10K ID221.5 8\"','304','8\"',7.30,'SE-2026-005',165,165,3,'A02','planning','2026-02-04 01:19:37','2026-02-04 01:19:37'),(175,'UN12','4.101110KID.A0250','SS304 JIS 10K ID276.3 10\"','304','10\"',11.33,'SE-2026-005',66,66,3,'A02','planning','2026-02-04 01:19:37','2026-02-04 01:19:37'),(176,'UN13','4.1011TABLEEID.A0050','SS304 TABLE E ID62.0 2\"','304','2\"',1.08,'SE-2026-005',33,33,1,'A02','planning','2026-02-04 01:19:37','2026-02-04 01:19:37'),(177,'UN14','4.1011TABLEEID.A0080','SS304 TABLE E ID90.7 3\"','304','3\"',1.70,'SE-2026-005',88,9,2,'A02','active','2026-02-04 01:19:37','2026-02-26 06:18:37'),(178,'UN15','4.101210KID.A0025','SS316 JIS 10K ID34.5 1\"','316','1\"',1.13,'SE-2026-005',88,88,1,'A02','planning','2026-02-04 01:19:37','2026-02-04 01:19:37'),(179,'UN16','4.101210KID.A0050','SS316 JIS 10K ID62 2\"','316','2\"',1.86,'SE-2026-005',88,88,1,'A02','planning','2026-02-04 01:19:37','2026-02-04 01:19:37'),(180,'UN17','4.101210KID.A0100','SS316 JIS 10K ID116.1 4\"','316','4\"',3.09,'SE-2026-005',22,-28,2,'A02','completed','2026-02-04 01:19:37','2026-02-26 06:08:53'),(181,'UN18','4.1041DINPN10ID.A0032','SS304 RAISED DIN 2501 PN 10 ID43.2 1-1/4\"','304','1-1/4\"',1.48,'SE-2026-005',33,33,1,'A02','planning','2026-02-04 01:19:37','2026-02-04 01:19:37'),(182,'UN19','4.1041DINPN10ID.A0200','SS304 RAISED DIN 2501 PN 10 ID221.5 8\"','304','8\"',8.58,'SE-2026-005',33,33,3,'A02','planning','2026-02-04 01:19:37','2026-02-04 01:19:37'),(183,'UN20','4.1041DINPN16ID.A0020','SS304 RAISED DIN 2501 PN 16 ID27.7 3/4\"','304','3/4\"',0.85,'SE-2026-005',110,110,1,'A02','planning','2026-02-04 01:19:37','2026-02-04 01:19:37'),(184,'UN21','4.1041DINPN16ID.A0032','SS304 RAISED DIN 2501 PN 16 ID43.2 1-1/4\"','304','1-1/4\"',1.48,'SE-2026-005',110,110,1,'A02','planning','2026-02-04 01:19:37','2026-02-04 01:19:37'),(185,'UN22','4.1041DINPN16ID.A0065','SS304 RAISED DIN 2501 PN 16 ID74.7 2-1/2\"','304','2-1/2\"',2.72,'SE-2026-005',220,220,2,'A02','planning','2026-02-04 01:19:37','2026-02-04 01:19:37'),(186,'UN23','4.1041DINPN16ID.A0080','SS304 RAISED DIN 2501 PN 16 ID90.7 3\"','304','3\"',3.28,'SE-2026-005',110,110,2,'A02','planning','2026-02-04 01:19:37','2026-02-04 01:19:37'),(187,'UN24','4.1041DINPN16ID.A0100','SS304 RAISED DIN 2501 PN 16 ID116.1 4\"','304','4\"',3.62,'SE-2026-005',330,330,2,'A02','planning','2026-02-04 01:19:37','2026-02-04 01:19:37'),(188,'UN25','4.1041DINPN16ID.A0150','SS304 RAISED DIN 2501 PN 16 ID170.7 6\"','304','6\"',5.97,'SE-2026-005',220,220,3,'A02','planning','2026-02-04 01:19:37','2026-02-04 01:19:37'),(189,'UN26','4.1041DINPN16ID.A0200','SS304 RAISED DIN 2501 PN 16 ID221.5 8\"','304','8\"',8.33,'SE-2026-005',220,220,3,'A02','planning','2026-02-04 01:19:37','2026-02-04 01:19:37'),(190,'UN27','4.1041DINPN16ID.A0300','SS304 RAISED DIN 2501 PN 16 ID327.1 12\"','304','12\"',15.25,'SE-2026-005',33,33,3,'A02','planning','2026-02-04 01:19:37','2026-02-04 01:19:37'),(191,'UN28','4.1041DINPN40ID.A0040','SS304 RAISED DIN 2501 PN 40 ID49.5 1-1/2\"','304','1-1/2\"',1.84,'SE-2026-005',55,55,1,'A02','planning','2026-02-04 01:19:37','2026-02-04 01:19:37'),(192,'UN29','4.1041DINPN40ID.A0050','SS304 RAISED DIN 2501 PN 40 ID62.0 2\"','304','2\"',2.45,'SE-2026-005',55,55,1,'A02','planning','2026-02-04 01:19:37','2026-02-04 01:19:37'),(193,'UN30','4.1042DINPN16ID.A0015','SS316 RAISED DIN 2501 PN 16 ID22.3 1/2\"','316','1/2\"',0.60,'SE-2026-005',66,66,1,'A02','planning','2026-02-04 01:19:37','2026-02-04 01:19:37'),(194,'UN31','4.1042DINPN16ID.A0032','SS316 RAISED DIN 2501 PN 16 ID43.2 1-1/4\"','316','1-1/4\"',1.48,'SE-2026-005',44,44,1,'A02','planning','2026-02-04 01:19:37','2026-02-04 01:19:37'),(195,'UN32','4.1042DINPN16ID.A0040','SS316 RAISED DIN 2501 PN 16 ID49.5 1-1/2\"','316','1-1/2\"',1.61,'SE-2026-005',66,66,1,'A02','planning','2026-02-04 01:19:37','2026-02-04 01:19:37'),(196,'UN33','4.1042DINPN16ID.A0080','SS316 RAISED DIN 2501 PN 16 ID90.7 3\"','316','3\"',3.28,'SE-2026-005',11,11,2,'A02','planning','2026-02-04 01:19:37','2026-02-04 01:19:37'),(197,'UN34','4.1042DINPN16ID.A0150','SS316 RAISED DIN 2501 PN 16 ID170.7 6\"','316','6\"',5.97,'SE-2026-005',33,33,3,'A02','planning','2026-02-04 01:19:37','2026-02-04 01:19:37'),(198,'UN35','4.1061150LB.A0080','SS304 BLIND RAISED ANSI 150LBS 3\"','304','3\"',4.96,'SE-2026-005',33,33,2,'A02','planning','2026-02-04 01:19:37','2026-02-04 01:19:37'),(199,'UN36','4.1061150LB.A0150','SS304 BLIND RAISED ANSI 150LBS 6\"','304','6\"',11.38,'SE-2026-005',22,22,3,'A02','planning','2026-02-04 01:19:37','2026-02-04 01:19:37'),(200,'UN37','4.1061DINPN16.A0065','SS304 BLIND RAISED DIN 2527 PN 16 2-1/2\"','304','2-1/2\"',3.34,'SE-2026-005',11,11,2,'A02','planning','2026-02-04 01:19:37','2026-02-04 01:19:37'),(201,'UN38','4.1062150LB.A0020','SS316 BLIND RAISED ANSI 150LBS 3/4\"','316','3/4\"',0.62,'SE-2026-005',11,11,1,'A02','planning','2026-02-04 01:19:37','2026-02-04 01:19:37'),(202,'UN39','4.1062150LB.A0050','SS316 BLIND RAISED ANSI 150LBS 2\"','316','2\"',2.45,'SE-2026-005',17,-7,1,'A02','completed','2026-02-04 01:19:37','2026-02-26 06:08:53'),(203,'UN40','4.1062DINPN16.A0100','SS316 BLIND RAISED DIN 2527 PN 16 4\"','316','4\"',5.29,'SE-2026-005',11,11,2,'A02','planning','2026-02-04 01:19:37','2026-02-04 01:19:37'),(204,'UN41','4.1091150LB.A0015','SS304 SORF ANSI 150LBS 1/2\"','304','1/2\"',0.40,'SE-2026-005',165,-31,1,'A02','completed','2026-02-04 01:19:37','2026-02-26 06:11:59'),(205,'UN42','4.1091150LB.A0020','SS304 SORF ANSI 150LBS 3/4\"','304','3/4\"',0.57,'SE-2026-005',110,110,1,'A02','planning','2026-02-04 01:19:37','2026-02-04 01:19:37'),(206,'UN43','4.1091150LB.A0025','SS304 SORF ANSI 150LBS 1\"','304','1\"',0.78,'SE-2026-005',165,-11,1,'A02','completed','2026-02-04 01:19:37','2026-02-26 06:10:23'),(207,'UNB44','4.1091150LB.A0050','SS304 SORF ANSI 150LBS 2\"','304','2\"',2.06,'SE-2026-005',660,264,1,'A02','active','2026-02-04 01:19:37','2026-02-26 06:11:59'),(208,'UN45','4.1091150LB.A0080','SS304 SORF ANSI 150LBS 3\"','304','3\"',3.90,'SE-2026-005',330,330,2,'A02','planning','2026-02-04 01:19:37','2026-02-04 01:19:37'),(209,'UN46','4.1091300LB.A0025','SS304 SORF ANSI 300LBS 1\"','304','1\"',1.37,'SE-2026-005',22,22,1,'A02','planning','2026-02-04 01:19:37','2026-02-04 01:19:37'),(210,'UN47','4.1091300LB.A0040','SS304 SORF ANSI 300LBS 1-1/2\"','304','1-1/2\"',2.52,'SE-2026-005',22,22,1,'A02','planning','2026-02-04 01:19:37','2026-02-04 01:19:37'),(211,'UN48','4.1091300LB.A0050','SS304 SORF ANSI 300LBS 2\"','304','2\"',2.91,'SE-2026-005',22,22,1,'A02','planning','2026-02-04 01:19:37','2026-02-04 01:19:37'),(212,'UN49','4.1091300LB.A0100','SS304 SORF ANSI 300LBS 4\"','304','4\"',9.72,'SE-2026-005',11,11,2,'A02','planning','2026-02-04 01:19:37','2026-02-04 01:19:37'),(213,'UN50','4.1092150LB.A0020','SS316 SORF ANSI 150LBS 3/4\"','316','3/4\"',0.57,'SE-2026-005',33,-3,1,'A02','completed','2026-02-04 01:19:37','2026-02-26 06:13:51'),(214,'UN51','4.1092150LB.A0025','SS316 SORF ANSI 150LBS 1\"','316','1\"',0.78,'SE-2026-005',88,-8,1,'A02','completed','2026-02-04 01:19:37','2026-02-26 06:11:59'),(215,'UN52','4.1092150LB.A0032','SS316 SORF ANSI 150LBS 1-1/4\"','316','1-1/4\"',1.05,'SE-2026-005',33,33,1,'A02','planning','2026-02-04 01:19:37','2026-02-04 01:19:37'),(216,'UN53','4.1092150LB.A0040','SS316 SORF ANSI 150LBS 1-1/2\"','316','1-1/2\"',1.33,'SE-2026-005',33,33,1,'A02','planning','2026-02-04 01:19:37','2026-02-04 01:19:37'),(217,'UN54','4.1092150LB.A0050','SS316 SORF ANSI 150LBS 2\"','316','2\"',2.06,'SE-2026-005',88,88,1,'A02','planning','2026-02-04 01:19:37','2026-02-04 01:19:37'),(218,'UN55','4.101210KID.A0100','SS316 JIS 10K ID116.1 4\"','316','4\"',3.09,'SE-2026-012',44,44,2,'A02','planning','2026-02-04 01:19:37','2026-02-04 01:19:37'),(219,'BA25','4.101110K.A0350','SS304 JIS 10K 14\"','304','14\"',16.42,'155',29,29,4,'LOKAL','planning','2026-02-02 06:41:52','2026-02-02 06:41:52'),(220,'BA43','4.105110KNS.A0065','SS304 BLIND JIS 10K NS 2-1/2\"','304','2-1/2\"',2.53,'164',22,22,2,'LOKAL','planning','2026-02-02 06:41:52','2026-02-02 06:41:52'),(221,'BA44','4.105110KNS.A0080','SS304 BLIND JIS 10K NS 3\"','304','3\"',2.72,'164',6,6,2,'LOKAL','planning','2026-02-02 06:41:52','2026-02-02 06:41:52'),(222,'BA53','4.105110KNS.A0080','SS304 BLIND JIS 10K NS 3\"','304','3\"',2.72,'167',13,13,2,'LOKAL','planning','2026-02-02 06:41:52','2026-02-02 06:41:52'),(223,'BA55','4.1092300LB.A0150','SS316  SORF  ANSI 300LBS 6\"','316','6\"',15.75,'167',13,13,3,'LOKAL','planning','2026-02-02 06:41:52','2026-02-02 06:41:52'),(224,'BA61','4.1062150LB.A0050','SS316 BLIND RAISED  ANSI 150LBS 2\"','316','2\"',2.45,'172',11,11,1,'LOKAL','planning','2026-02-02 06:41:52','2026-02-02 06:41:52'),(225,'BA62','4.1062150LB.A0100','SS316 BLIND RAISED  ANSI 150LBS 4\"','316','4\"',7.10,'172',17,17,2,'LOKAL','planning','2026-02-02 06:41:52','2026-02-02 06:41:52');
/*!40000 ALTER TABLE `production_plans` ENABLE KEYS */;
UNLOCK TABLES;

--
-- Table structure for table `sessions`
--

DROP TABLE IF EXISTS `sessions`;
/*!40101 SET @saved_cs_client     = @@character_set_client */;
/*!50503 SET character_set_client = utf8mb4 */;
CREATE TABLE `sessions` (
  `id` varchar(255) CHARACTER SET utf8mb4 COLLATE utf8mb4_unicode_ci NOT NULL,
  `user_id` bigint unsigned DEFAULT NULL,
  `ip_address` varchar(45) CHARACTER SET utf8mb4 COLLATE utf8mb4_unicode_ci DEFAULT NULL,
  `user_agent` text CHARACTER SET utf8mb4 COLLATE utf8mb4_unicode_ci,
  `payload` longtext CHARACTER SET utf8mb4 COLLATE utf8mb4_unicode_ci NOT NULL,
  `last_activity` int NOT NULL,
  PRIMARY KEY (`id`),
  KEY `sessions_user_id_index` (`user_id`),
  KEY `sessions_last_activity_index` (`last_activity`)
) ENGINE=InnoDB DEFAULT CHARSET=utf8mb4 COLLATE=utf8mb4_unicode_ci;
/*!40101 SET character_set_client = @saved_cs_client */;

--
-- Dumping data for table `sessions`
--

LOCK TABLES `sessions` WRITE;
/*!40000 ALTER TABLE `sessions` DISABLE KEYS */;
INSERT INTO `sessions` VALUES ('5Pimbiq8QunBMJBMnlvflwWkdMBSXI7zsGccTorm',2,'10.88.8.97','Mozilla/5.0 (Windows NT 10.0; Win64; x64) AppleWebKit/537.36 (KHTML, like Gecko) Chrome/145.0.0.0 Safari/537.36 Edg/145.0.0.0','YTo0OntzOjY6Il90b2tlbiI7czo0MDoiYjl6MHh4VEllTTlPTnhPR2RxbENyYmdLaUlyV0U3eVlxN2hHczZ6bCI7czo2OiJfZmxhc2giO2E6Mjp7czozOiJvbGQiO2E6MDp7fXM6MzoibmV3IjthOjA6e319czo5OiJfcHJldmlvdXMiO2E6Mjp7czozOiJ1cmwiO3M6NTY6Imh0dHA6Ly8xMC44OC44Ljk3L2thbmJhbi1wcGljL3B1YmxpYy9pbmRleC5waHAvaW5wdXQvY29yIjtzOjU6InJvdXRlIjtzOjExOiJpbnB1dC5pbmRleCI7fXM6NTA6ImxvZ2luX3dlYl81OWJhMzZhZGRjMmIyZjk0MDE1ODBmMDE0YzdmNThlYTRlMzA5ODlkIjtpOjI7fQ==',1771643166),('ARUks5eVTUTDcLBUecpFARDtW5bxHc0pmef2Dr6C',NULL,'10.88.8.97','Mozilla/5.0 (Windows NT 10.0; Win64; x64) AppleWebKit/537.36 (KHTML, like Gecko) Chrome/145.0.0.0 Safari/537.36 Edg/145.0.0.0','YTo0OntzOjY6Il90b2tlbiI7czo0MDoiZEJXd0pRbXAzNGUyQzhHWWhoYkJZZG9DTWhSa2VuN3FVM0dCU01layI7czozOiJ1cmwiO2E6MTp7czo4OiJpbnRlbmRlZCI7czo1NjoiaHR0cDovLzEwLjg4LjguOTcva2FuYmFuLXBwaWMvcHVibGljL2luZGV4LnBocC9kYXNoYm9hcmQiO31zOjk6Il9wcmV2aW91cyI7YToyOntzOjM6InVybCI7czo1MjoiaHR0cDovLzEwLjg4LjguOTcva2FuYmFuLXBwaWMvcHVibGljL2luZGV4LnBocC9sb2dpbiI7czo1OiJyb3V0ZSI7czo1OiJsb2dpbiI7fXM6NjoiX2ZsYXNoIjthOjI6e3M6Mzoib2xkIjthOjA6e31zOjM6Im5ldyI7YTowOnt9fX0=',1771585383),('kDXb6o1U0wIFJZC8gtGUfKUQcfzAyLy1tzaSpe4C',2,'10.88.8.97','Mozilla/5.0 (Windows NT 10.0; Win64; x64) AppleWebKit/537.36 (KHTML, like Gecko) Chrome/145.0.0.0 Safari/537.36 Edg/145.0.0.0','YTo1OntzOjY6Il90b2tlbiI7czo0MDoiRzVhT1hxeWlyV1o4aTVOMlFBUTd3U2VHNkJJaHRTVXp3Y2dHMUNkZSI7czozOiJ1cmwiO2E6MDp7fXM6OToiX3ByZXZpb3VzIjthOjI6e3M6MzoidXJsIjtzOjUxOiJodHRwOi8vMTAuODguOC45Ny9rYW5iYW4tcHBpYy9wdWJsaWMvaW5kZXgucGhwL3BsYW4iO3M6NToicm91dGUiO3M6MTA6InBsYW4uaW5kZXgiO31zOjY6Il9mbGFzaCI7YToyOntzOjM6Im9sZCI7YTowOnt9czozOiJuZXciO2E6MDp7fX1zOjUwOiJsb2dpbl93ZWJfNTliYTM2YWRkYzJiMmY5NDAxNTgwZjAxNGM3ZjU4ZWE0ZTMwOTg5ZCI7aToyO30=',1771567888),('LzEdtwTOawOX0M8kvGLi6VCubDkt4g6Gl02C436D',2,'10.88.8.97','Mozilla/5.0 (Windows NT 10.0; Win64; x64) AppleWebKit/537.36 (KHTML, like Gecko) Chrome/145.0.0.0 Safari/537.36 Edg/145.0.0.0','YTo1OntzOjY6Il90b2tlbiI7czo0MDoiR0I1bUFlZ1lGRUFna2dySWlXUXJzTVJNVlVXN1BmcmxWUm9mZXVIciI7czozOiJ1cmwiO2E6MDp7fXM6OToiX3ByZXZpb3VzIjthOjI6e3M6MzoidXJsIjtzOjYxOiJodHRwOi8vMTAuODguOC45Ny9rYW5iYW4tcHBpYy9wdWJsaWMvaW5kZXgucGhwL3dpcC8yMDI2LTAyLTAzIjtzOjU6InJvdXRlIjtzOjg6IndpcC5zaG93Ijt9czo2OiJfZmxhc2giO2E6Mjp7czozOiJvbGQiO2E6MDp7fXM6MzoibmV3IjthOjA6e319czo1MDoibG9naW5fd2ViXzU5YmEzNmFkZGMyYjJmOTQwMTU4MGYwMTRjN2Y1OGVhNGUzMDk4OWQiO2k6Mjt9',1771493764),('Sc6C3qPzTWsNiDMgcDjYuQP3g7YBm1iQiry2GH9N',2,'10.88.8.94','Mozilla/5.0 (Windows NT 10.0; Win64; x64) AppleWebKit/537.36 (KHTML, like Gecko) Chrome/109.0.0.0 Safari/537.36','YTo0OntzOjY6Il90b2tlbiI7czo0MDoiclVTY2Z0NmNlVEVpSDJkeGhnaW9jVWk3VHpSZ2MweTNlRXE1SHlobyI7czo5OiJfcHJldmlvdXMiO2E6Mjp7czozOiJ1cmwiO3M6NjE6Imh0dHA6Ly8xMC44OC44Ljk3L2thbmJhbi1wcGljL3B1YmxpYy9pbmRleC5waHAvd2lwLzIwMjYtMDItMDEiO3M6NToicm91dGUiO3M6ODoid2lwLnNob3ciO31zOjY6Il9mbGFzaCI7YToyOntzOjM6Im9sZCI7YTowOnt9czozOiJuZXciO2E6MDp7fX1zOjUwOiJsb2dpbl93ZWJfNTliYTM2YWRkYzJiMmY5NDAxNTgwZjAxNGM3ZjU4ZWE0ZTMwOTg5ZCI7aToyO30=',1771494016),('tDtuwgBZiejjbrDzdbtE0k5a7cqkGelrcCCKZLES',2,'10.88.8.24','Mozilla/5.0 (Windows NT 10.0; Win64; x64) AppleWebKit/537.36 (KHTML, like Gecko) Chrome/145.0.0.0 Safari/537.36 Edg/145.0.0.0','YTo1OntzOjY6Il90b2tlbiI7czo0MDoiZjJQZW1QcEZuc1NHNFh3Rm8wUjZFY3lpTEFCZVBCUW9ZYmpRNk8xdyI7czozOiJ1cmwiO2E6MDp7fXM6OToiX3ByZXZpb3VzIjthOjI6e3M6MzoidXJsIjtzOjEzOToiaHR0cDovLzEwLjg4LjguOTcva2FuYmFuLXBwaWMvcHVibGljL2luZGV4LnBocC9yZXBvcnQtZGVmZWN0cy9zdW1tYXJ5P2RlcGFydG1lbnQ9bmV0dG8mZW5kX2RhdGU9MjAyNi0wMi0xOSZnZW5lcmF0ZT0xJnN0YXJ0X2RhdGU9MjAyNi0wMi0wMSI7czo1OiJyb3V0ZSI7czoyMjoicmVwb3J0LWRlZmVjdHMuc3VtbWFyeSI7fXM6NjoiX2ZsYXNoIjthOjI6e3M6Mzoib2xkIjthOjA6e31zOjM6Im5ldyI7YTowOnt9fXM6NTA6ImxvZ2luX3dlYl81OWJhMzZhZGRjMmIyZjk0MDE1ODBmMDE0YzdmNThlYTRlMzA5ODlkIjtpOjI7fQ==',1771499585);
/*!40000 ALTER TABLE `sessions` ENABLE KEYS */;
UNLOCK TABLES;

--
-- Table structure for table `users`
--

DROP TABLE IF EXISTS `users`;
/*!40101 SET @saved_cs_client     = @@character_set_client */;
/*!50503 SET character_set_client = utf8mb4 */;
CREATE TABLE `users` (
  `id` bigint unsigned NOT NULL AUTO_INCREMENT,
  `name` varchar(255) CHARACTER SET utf8mb4 COLLATE utf8mb4_unicode_ci NOT NULL,
  `email` varchar(255) CHARACTER SET utf8mb4 COLLATE utf8mb4_unicode_ci NOT NULL,
  `email_verified_at` timestamp NULL DEFAULT NULL,
  `password` varchar(255) CHARACTER SET utf8mb4 COLLATE utf8mb4_unicode_ci NOT NULL,
  `remember_token` varchar(100) CHARACTER SET utf8mb4 COLLATE utf8mb4_unicode_ci DEFAULT NULL,
  `created_at` timestamp NULL DEFAULT NULL,
  `updated_at` timestamp NULL DEFAULT NULL,
  PRIMARY KEY (`id`),
  UNIQUE KEY `users_email_unique` (`email`)
) ENGINE=InnoDB AUTO_INCREMENT=3 DEFAULT CHARSET=utf8mb4 COLLATE=utf8mb4_unicode_ci;
/*!40101 SET character_set_client = @saved_cs_client */;

--
-- Dumping data for table `users`
--

LOCK TABLES `users` WRITE;
/*!40000 ALTER TABLE `users` DISABLE KEYS */;
INSERT INTO `users` VALUES (1,'Admin PPIC','adminppic@peroniks.com','2026-01-26 02:22:43','$2y$12$TiF9gaJbypiBtL7qItOMUutEvWRw9xalxqruzjvNjUcgZRSETdjr6','pxwOvXa8iT','2026-01-26 02:22:43','2026-01-26 02:22:43'),(2,'MR Peroniks','mr@peroniks.com','2026-01-26 02:22:44','$2y$12$JzJXng4E51/S55wmZXyFYegMDoJiVNEQqnFgKz6Tcdks1N7toAdjy','xoJPaaVBMQCT9DBQP6dT7SV8HRJ9d1WfYZaEzYnD2TXJhPOjj5vXQDh1R6Pc','2026-01-26 02:22:44','2026-01-26 02:22:44');
/*!40000 ALTER TABLE `users` ENABLE KEYS */;
UNLOCK TABLES;
/*!40103 SET TIME_ZONE=@OLD_TIME_ZONE */;

/*!40101 SET SQL_MODE=@OLD_SQL_MODE */;
/*!40014 SET FOREIGN_KEY_CHECKS=@OLD_FOREIGN_KEY_CHECKS */;
/*!40014 SET UNIQUE_CHECKS=@OLD_UNIQUE_CHECKS */;
/*!40101 SET CHARACTER_SET_CLIENT=@OLD_CHARACTER_SET_CLIENT */;
/*!40101 SET CHARACTER_SET_RESULTS=@OLD_CHARACTER_SET_RESULTS */;
/*!40101 SET COLLATION_CONNECTION=@OLD_COLLATION_CONNECTION */;
/*!40111 SET SQL_NOTES=@OLD_SQL_NOTES */;

-- Dump completed on 2026-02-26  9:53:37
